Staircase.thisTrialN,Staircase.stepSize,Staircase.intensity,thisRow.t,notes,trial.started,Fixation.started,grating.started,key_resp.started,Fixation.stopped,grating.stopped,trial.stopped,corrAns,tilt,key_resp.corr,Staircase.response,key_resp.rt,participant,session,date,expName,expVersion,psychopyVersion,frameRate,expStart
0,2,10,0.0181734,,0.0063759,0.0181734,0.5006855,0.5006855,0.5184307,0.7976429,0.9724404,right,10,1,1,0.4591919,213485,1,2025-09-04_11h32.29.325,Adaptive Staircase Experiment,,2025.1.1,79.94244145,2025-09-04 11h32.30.890525 +0530
1,2,8,0.9791822,,0.9727851,0.9791822,1.4715034,1.4715034,1.4715034,1.7693373,1.7952247,right,8,1,1,0.316119,213485,1,2025-09-04_11h32.29.325,Adaptive Staircase Experiment,,2025.1.1,79.94244145,2025-09-04 11h32.30.890525 +0530
2,2,6,1.8034994,,1.7954567,1.8034994,2.2942485,2.2942485,2.3022344,2.5930548,2.6189797,right,6,1,1,0.3217646,213485,1,2025-09-04_11h32.29.325,Adaptive Staircase Experiment,,2025.1.1,79.94244145,2025-09-04 11h32.30.890525 +0530
3,2,4,2.6333759,,2.6192463,2.6333759,3.1121788,3.1121788,3.1351859,3.4120241,3.47282,left,-4,1,1,0.3524637,213485,1,2025-09-04_11h32.29.325,Adaptive Staircase Experiment,,2025.1.1,79.94244145,2025-09-04 11h32.30.890525 +0530
4,2,2,3.4828589,,3.4733492,3.4828589,3.9694552,3.9694552,3.9852255,4.2671363,4.3928524,left,-2,1,1,0.4164193,213485,1,2025-09-04_11h32.29.325,Adaptive Staircase Experiment,,2025.1.1,79.94244145,2025-09-04 11h32.30.890525 +0530
5,2,1,4.3992576,,4.3931018,4.3992576,4.8899934,4.8899934,4.8986005,5.1909221,5.1775629,left,-1,1,1,0.2841157,213485,1,2025-09-04_11h32.29.325,Adaptive Staircase Experiment,,2025.1.1,79.94244145,2025-09-04 11h32.30.890525 +0530
6,2,1,5.1909221,,5.1778137,5.1909221,5.6725339,5.6725339,5.6906924,5.9791258,5.9796583,left,-1,1,1,0.2939095,213485,1,2025-09-04_11h32.29.325,Adaptive Staircase Experiment,,2025.1.1,79.94244145,2025-09-04 11h32.30.890525 +0530
7,2,1,5.9886821,,5.9799112,5.9886821,6.4708402,6.4708402,6.4877217,6.7687061,6.7859067,left,-1,1,1,0.3069743,213485,1,2025-09-04_11h32.29.325,Adaptive Staircase Experiment,,2025.1.1,79.94244145,2025-09-04 11h32.30.890525 +0530
8,2,1,6.7939369,,6.7860715,6.7939369,7.2775137,7.2775137,7.2862305,7.5758682,7.6191117,left,-1,1,1,0.3364972,213485,1,2025-09-04_11h32.29.325,Adaptive Staircase Experiment,,2025.1.1,79.94244145,2025-09-04 11h32.30.890525 +0530
9,2,1,7.6462455,,7.6195393,7.6462455,8.1177372,8.1177372,8.1423175,8.4095846,8.4101698,left,-1,1,1,0.2883014,213485,1,2025-09-04_11h32.29.325,Adaptive Staircase Experiment,,2025.1.1,79.94244145,2025-09-04 11h32.30.890525 +0530
10,1,1,8.4167285,,8.410433,8.4167285,8.9104521,8.9104521,8.926208,9.2076557,9.2418611,right,1,0,0,0.3273916,213485,1,2025-09-04_11h32.29.325,Adaptive Staircase Experiment,,2025.1.1,79.94244145,2025-09-04 11h32.30.890525 +0530
11,1,2,9.2514254,,9.2421454,9.2514254,9.7502752,9.7502752,9.7660587,10.0480097,10.1481577,right,2,0,0,0.391618,213485,1,2025-09-04_11h32.29.325,Adaptive Staircase Experiment,,2025.1.1,79.94244145,2025-09-04 11h32.30.890525 +0530
12,1,3,10.1557654,,10.1484272,10.1557654,10.6467429,10.6467429,10.6467429,10.9400563,10.9297947,right,3,1,1,0.2774334,213485,1,2025-09-04_11h32.29.325,Adaptive Staircase Experiment,,2025.1.1,79.94244145,2025-09-04 11h32.30.890525 +0530
13,1,3,10.9400563,,10.9300356,10.9400563,11.4288228,11.4288228,11.4397628,11.7192658,11.7126286,right,3,1,1,0.2809714,213485,1,2025-09-04_11h32.29.325,Adaptive Staircase Experiment,,2025.1.1,79.94244145,2025-09-04 11h32.30.890525 +0530
14,1,3,11.7192658,,11.7128632,11.7192658,12.2104866,12.2104866,12.2104866,12.5042954,12.5055798,right,3,1,1,0.2865841,213485,1,2025-09-04_11h32.29.325,Adaptive Staircase Experiment,,2025.1.1,79.94244145,2025-09-04 11h32.30.890525 +0530
15,1,2,12.5170733,,12.5061133,12.5170733,13.003263,13.003263,13.0167072,13.3004337,13.4015595,left,-2,1,1,0.396021,213485,1,2025-09-04_11h32.29.325,Adaptive Staircase Experiment,,2025.1.1,79.94244145,2025-09-04 11h32.30.890525 +0530
16,0.5,2,13.4080392,,13.4018087,13.4080392,13.8991942,13.8991942,13.8991942,14.1903956,14.2405932,right,2,0,0,0.3367669,213485,1,2025-09-04_11h32.29.325,Adaptive Staircase Experiment,,2025.1.1,79.94244145,2025-09-04 11h32.30.890525 +0530
17,0.5,2.5,14.2498709,,14.2408261,14.2498709,14.7487286,14.7487286,14.7487286,15.0393637,15.1144891,left,-2.5,1,1,0.3629571,213485,1,2025-09-04_11h32.29.325,Adaptive Staircase Experiment,,2025.1.1,79.94244145,2025-09-04 11h32.30.890525 +0530
18,0.5,2.5,15.1220118,,15.1147319,15.1220118,15.6126782,15.6126782,15.6126782,15.9054868,15.9799758,right,2.5,1,1,0.361638,213485,1,2025-09-04_11h32.29.325,Adaptive Staircase Experiment,,2025.1.1,79.94244145,2025-09-04 11h32.30.890525 +0530
19,0.5,2.5,15.9943699,,15.9802462,15.9943699,16.4780901,16.4780901,16.4866759,16.7690298,16.9029572,left,-2.5,1,1,0.418184,213485,1,2025-09-04_11h32.29.325,Adaptive Staircase Experiment,,2025.1.1,79.94244145,2025-09-04 11h32.30.890525 +0530
20,0.5,2,16.9180259,,16.9032306,16.9180259,17.4019936,17.4019936,17.4099666,17.7008864,17.7417615,right,2,1,1,0.3242266,213485,1,2025-09-04_11h32.29.325,Adaptive Staircase Experiment,,2025.1.1,79.94244145,2025-09-04 11h32.30.890525 +0530
21,0.5,2,17.7539548,,17.7420053,17.7539548,18.2336116,18.2336116,18.2503192,18.5327591,18.616567,right,2,1,1,0.3783303,213485,1,2025-09-04_11h32.29.325,Adaptive Staircase Experiment,,2025.1.1,79.94244145,2025-09-04 11h32.30.890525 +0530
22,0.5,2,18.6258594,,18.6168016,18.6258594,19.1243583,19.1243583,19.1243583,19.4234531,19.4459391,right,2,1,1,0.3106392,213485,1,2025-09-04_11h32.29.325,Adaptive Staircase Experiment,,2025.1.1,79.94244145,2025-09-04 11h32.30.890525 +0530
23,0.5,1.5,19.4563427,,19.4462528,19.4563427,19.9398673,19.9398673,19.946943,20.2381366,20.2720033,right,1.5,1,1,0.3263474,213485,1,2025-09-04_11h32.29.325,Adaptive Staircase Experiment,,2025.1.1,79.94244145,2025-09-04 11h32.30.890525 +0530
24,0.5,1.5,20.2796,,20.2722898,20.2796,20.7799974,20.7799974,20.7799974,21.0785691,21.1727405,left,-1.5,1,1,0.3858592,213485,1,2025-09-04_11h32.29.325,Adaptive Staircase Experiment,,2025.1.1,79.94244145,2025-09-04 11h32.30.890525 +0530
25,0.5,1.5,21.1873005,,21.1729899,21.1873005,21.677519,21.677519,21.6857225,21.9679148,22.0542577,right,1.5,1,1,0.3722819,213485,1,2025-09-04_11h32.29.325,Adaptive Staircase Experiment,,2025.1.1,79.94244145,2025-09-04 11h32.30.890525 +0530
26,0.5,1,22.066367,,22.0545059,22.066367,22.5500714,22.5500714,22.5584237,22.842301,22.8665573,right,1,1,1,0.3029527,213485,1,2025-09-04_11h32.29.325,Adaptive Staircase Experiment,,2025.1.1,79.94244145,2025-09-04 11h32.30.890525 +0530
27,0.5,1,22.8803169,,22.8668258,22.8803169,23.3579556,23.3579556,23.3745606,23.6485302,23.7669406,left,-1,1,1,0.4057771,213485,1,2025-09-04_11h32.29.325,Adaptive Staircase Experiment,,2025.1.1,79.94244145,2025-09-04 11h32.30.890525 +0530
28,0.5,1,23.7837125,,23.7672353,23.7837125,24.2734882,24.2734882,24.2837875,,24.5545708,left,-1,0,0,0.2671041,213485,1,2025-09-04_11h32.29.325,Adaptive Staircase Experiment,,2025.1.1,79.94244145,2025-09-04 11h32.30.890525 +0530
29,0.5,1.5,24.5668466,,24.5548266,24.5668466,25.0462714,25.0462714,25.0627893,25.3454738,25.382075,right,1.5,1,1,0.330564,213485,1,2025-09-04_11h32.29.325,Adaptive Staircase Experiment,,2025.1.1,79.94244145,2025-09-04 11h32.30.890525 +0530
30,0.5,1.5,25.3941674,,25.382376,25.3941674,25.8812227,25.8812227,25.89611,,26.0804996,left,-1.5,1,1,0.1905183,213485,1,2025-09-04_11h32.29.325,Adaptive Staircase Experiment,,2025.1.1,79.94244145,2025-09-04 11h32.30.890525 +0530
31,0.5,1.5,26.0929468,,26.0807655,26.0929468,26.5842812,26.5842812,26.5930754,,26.8017239,left,-1.5,0,0,0.2121412,213485,1,2025-09-04_11h32.29.325,Adaptive Staircase Experiment,,2025.1.1,79.94244145,2025-09-04 11h32.30.890525 +0530
32,0.5,2,26.8114852,,26.8019746,26.8114852,27.300472,27.300472,27.309247,27.5919163,27.7171654,left,-2,0,0,0.4096336,213485,1,2025-09-04_11h32.29.325,Adaptive Staircase Experiment,,2025.1.1,79.94244145,2025-09-04 11h32.30.890525 +0530
33,0.5,2.5,27.7319216,,27.7174473,27.7319216,28.215894,28.215894,28.2243815,28.5076949,28.6159923,left,-2.5,0,0,0.3943626,213485,1,2025-09-04_11h32.29.325,Adaptive Staircase Experiment,,2025.1.1,79.94244145,2025-09-04 11h32.30.890525 +0530
34,0.5,3,28.6255092,,28.6162277,28.6255092,29.1139616,29.1139616,29.1222094,29.4053751,29.4549806,left,-3,1,1,0.3319171,213485,1,2025-09-04_11h32.29.325,Adaptive Staircase Experiment,,2025.1.1,79.94244145,2025-09-04 11h32.30.890525 +0530
35,0.5,3,29.4636484,,29.4552237,29.4636484,29.9564943,29.9564943,29.9722246,,30.1885809,left,-3,0,0,0.2192365,213485,1,2025-09-04_11h32.29.325,Adaptive Staircase Experiment,,2025.1.1,79.94244145,2025-09-04 11h32.30.890525 +0530
36,0.5,3.5,30.2041705,,30.1888448,30.2041705,30.6878678,30.6878678,30.6944035,30.9856112,31.0531478,left,-3.5,1,1,0.3605734,213485,1,2025-09-04_11h32.29.325,Adaptive Staircase Experiment,,2025.1.1,79.94244145,2025-09-04 11h32.30.890525 +0530
37,0.5,3.5,31.0627757,,31.0533967,31.0627757,31.5530201,31.5530201,31.5665323,31.8584367,31.8452785,left,-3.5,1,1,0.2893478,213485,1,2025-09-04_11h32.29.325,Adaptive Staircase Experiment,,2025.1.1,79.94244145,2025-09-04 11h32.30.890525 +0530
38,0.5,3.5,31.8584367,,31.8455353,31.8584367,32.3419903,32.3419903,32.3503536,32.6426909,32.6432318,right,3.5,0,0,0.2883016,213485,1,2025-09-04_11h32.29.325,Adaptive Staircase Experiment,,2025.1.1,79.94244145,2025-09-04 11h32.30.890525 +0530
39,0.5,4,32.6490031,,32.6434772,32.6490031,33.1392733,33.1392733,33.1491039,33.4317582,33.7002248,right,4,1,1,0.5574227,213485,1,2025-09-04_11h32.29.325,Adaptive Staircase Experiment,,2025.1.1,79.94244145,2025-09-04 11h32.30.890525 +0530
40,0.5,4,33.7127523,,33.700543,33.7127523,34.2033339,34.2033339,34.2130417,34.4956883,34.6045725,left,-4,1,1,0.398384,213485,1,2025-09-04_11h32.29.325,Adaptive Staircase Experiment,,2025.1.1,79.94244145,2025-09-04 11h32.30.890525 +0530
41,0.5,4,34.6192203,,34.6048355,34.6192203,35.0953169,35.0953169,35.1115508,,35.36152,right,4,1,1,0.2609269,213485,1,2025-09-04_11h32.29.325,Adaptive Staircase Experiment,,2025.1.1,79.94244145,2025-09-04 11h32.30.890525 +0530
42,0.5,3.5,35.3695221,,35.3617818,35.3695221,35.8520047,35.8520047,35.8643705,36.1430998,36.325213,left,-3.5,1,1,0.4606052,213485,1,2025-09-04_11h32.29.325,Adaptive Staircase Experiment,,2025.1.1,79.94244145,2025-09-04 11h32.30.890525 +0530
43,0.5,3.5,36.3347158,,36.3254597,36.3347158,36.8195395,36.8195395,36.8338522,37.1162387,37.1096266,left,-3.5,0,0,0.28684,213485,1,2025-09-04_11h32.29.325,Adaptive Staircase Experiment,,2025.1.1,79.94244145,2025-09-04 11h32.30.890525 +0530
44,0.5,4,37.1162387,,37.1098814,37.1162387,37.6057234,37.6057234,37.6149253,37.9058929,37.9649103,right,4,1,1,0.3521817,213485,1,2025-09-04_11h32.29.325,Adaptive Staircase Experiment,,2025.1.1,79.94244145,2025-09-04 11h32.30.890525 +0530
45,0.5,4,37.9732313,,37.9651587,37.9732313,38.4642802,38.4642802,38.4735828,38.7575133,38.7717926,right,4,1,1,0.2977418,213485,1,2025-09-04_11h32.29.325,Adaptive Staircase Experiment,,2025.1.1,79.94244145,2025-09-04 11h32.30.890525 +0530
46,0.5,4,38.7800977,,38.7720814,38.7800977,39.2697581,39.2697581,39.2799198,39.5647417,39.6145923,left,-4,0,0,0.3385088,213485,1,2025-09-04_11h32.29.325,Adaptive Staircase Experiment,,2025.1.1,79.94244145,2025-09-04 11h32.30.890525 +0530
47,0.5,4.5,39.6278392,,39.614842,39.6278392,40.1186798,40.1186798,40.1304211,,40.3798012,left,-4.5,1,1,0.2438848,213485,1,2025-09-04_11h32.29.325,Adaptive Staircase Experiment,,2025.1.1,79.94244145,2025-09-04 11h32.30.890525 +0530
48,0.5,4.5,40.3960896,,40.3800775,40.3960896,40.8785258,40.8785258,40.8933119,41.1832649,41.2434467,right,4.5,0,0,0.3638603,213485,1,2025-09-04_11h32.29.325,Adaptive Staircase Experiment,,2025.1.1,79.94244145,2025-09-04 11h32.30.890525 +0530
49,0.5,5,41.2581248,,41.2436796,41.2581248,41.7333821,41.7333821,41.7526859,42.0245086,42.1164025,right,5,1,1,0.3752733,213485,1,2025-09-04_11h32.29.325,Adaptive Staircase Experiment,,2025.1.1,79.94244145,2025-09-04 11h32.30.890525 +0530
50,0.5,5,42.1264554,,42.116648,42.1264554,42.6253185,42.6253185,42.6253185,42.9223608,42.9396472,right,5,1,1,0.3094338,213485,1,2025-09-04_11h32.29.325,Adaptive Staircase Experiment,,2025.1.1,79.94244145,2025-09-04 11h32.30.890525 +0530
51,0.5,5,42.9494101,,42.9398875,42.9494101,43.4381756,43.4381756,43.4473189,43.7302225,43.7709134,right,5,1,1,0.3186444,213485,1,2025-09-04_11h32.29.325,Adaptive Staircase Experiment,,2025.1.1,79.94244145,2025-09-04 11h32.30.890525 +0530
52,0.5,4.5,43.7829713,,43.7711949,43.7829713,44.2621203,44.2621203,44.2787775,,44.5210887,right,4.5,1,1,0.2528635,213485,1,2025-09-04_11h32.29.325,Adaptive Staircase Experiment,,2025.1.1,79.94244145,2025-09-04 11h32.30.890525 +0530
53,0.5,4.5,44.5283025,,44.5213689,44.5283025,45.0173271,45.0173271,45.0277765,,45.2357657,left,-4.5,0,0,0.2153838,213485,1,2025-09-04_11h32.29.325,Adaptive Staircase Experiment,,2025.1.1,79.94244145,2025-09-04 11h32.30.890525 +0530
54,0.5,5,45.2440424,,45.2360274,45.2440424,45.726074,45.726074,45.7435529,,45.9182249,right,5,1,1,0.1882608,213485,1,2025-09-04_11h32.29.325,Adaptive Staircase Experiment,,2025.1.1,79.94244145,2025-09-04 11h32.30.890525 +0530
55,0.5,5,45.9329098,,45.9185408,45.9329098,46.4164366,46.4164366,46.4255918,,46.6672204,left,-5,1,1,0.2477721,213485,1,2025-09-04_11h32.29.325,Adaptive Staircase Experiment,,2025.1.1,79.94244145,2025-09-04 11h32.30.890525 +0530
56,0.5,5,46.6744273,,46.6674855,46.6744273,47.1653809,47.1653809,47.1731472,47.466411,47.4990182,left,-5,1,1,0.3307731,213485,1,2025-09-04_11h32.29.325,Adaptive Staircase Experiment,,2025.1.1,79.94244145,2025-09-04 11h32.30.890525 +0530
57,0.5,4.5,47.5158388,,47.4993221,47.5158388,47.9998021,47.9998021,48.0128641,48.2971576,48.3911484,left,-4.5,1,1,0.3844412,213485,1,2025-09-04_11h32.29.325,Adaptive Staircase Experiment,,2025.1.1,79.94244145,2025-09-04 11h32.30.890525 +0530
58,0.5,4.5,48.4036616,,48.3913914,48.4036616,48.8941356,48.8941356,48.9046938,49.2040522,49.1912975,right,4.5,1,1,0.2934927,213485,1,2025-09-04_11h32.29.325,Adaptive Staircase Experiment,,2025.1.1,79.94244145,2025-09-04 11h32.30.890525 +0530
59,0.5,4.5,49.2040522,,49.1915644,49.2040522,49.6876356,49.6876356,49.6938984,49.9857514,50.0277621,right,4.5,1,1,0.3344679,213485,1,2025-09-04_11h32.29.325,Adaptive Staircase Experiment,,2025.1.1,79.94244145,2025-09-04 11h32.30.890525 +0530
60,0.5,4,50.0422614,,50.0280295,50.0422614,50.526011,50.526011,50.534482,50.8174333,50.9121923,right,4,1,1,0.3681037,213485,1,2025-09-04_11h32.29.325,Adaptive Staircase Experiment,,2025.1.1,79.94244145,2025-09-04 11h32.30.890525 +0530
61,0.5,4,50.9320465,,50.9124376,50.9320465,51.4077981,51.4077981,51.4240714,,51.6823303,left,-4,1,1,0.2681919,213485,1,2025-09-04_11h32.29.325,Adaptive Staircase Experiment,,2025.1.1,79.94244145,2025-09-04 11h32.30.890525 +0530
62,0.5,4,51.6970625,,51.6825823,51.6970625,52.1814984,52.1814984,52.1893772,52.4803985,52.4673181,right,4,0,0,0.2825594,213485,1,2025-09-04_11h32.29.325,Adaptive Staircase Experiment,,2025.1.1,79.94244145,2025-09-04 11h32.30.890525 +0530
63,0.5,4.5,52.4803985,,52.4676392,52.4803985,52.9629072,52.9629072,52.9719298,53.2542952,53.355174,left,-4.5,1,1,0.3892313,213485,1,2025-09-04_11h32.29.325,Adaptive Staircase Experiment,,2025.1.1,79.94244145,2025-09-04 11h32.30.890525 +0530
64,0.5,4.5,53.3702737,,53.3554419,53.3702737,53.8537591,53.8537591,53.8617496,,54.1316595,left,-4.5,0,0,0.2744242,213485,1,2025-09-04_11h32.29.325,Adaptive Staircase Experiment,,2025.1.1,79.94244145,2025-09-04 11h32.30.890525 +0530
65,0.5,5,54.1432294,,54.1319988,54.1432294,54.6336553,54.6336553,54.6433791,54.9361095,55.0183366,right,5,1,1,0.3800954,213485,1,2025-09-04_11h32.29.325,Adaptive Staircase Experiment,,2025.1.1,79.94244145,2025-09-04 11h32.30.890525 +0530
66,0.5,5,55.0262887,,55.0185923,55.0262887,55.5176798,55.5176798,55.5254602,55.816649,55.9582168,left,-5,1,1,0.4381356,213485,1,2025-09-04_11h32.29.325,Adaptive Staircase Experiment,,2025.1.1,79.94244145,2025-09-04 11h32.30.890525 +0530
67,0.5,5,55.9661636,,55.9584846,55.9661636,56.4572108,56.4572108,56.4572108,56.748353,56.8567304,left,-5,1,1,0.396422,213485,1,2025-09-04_11h32.29.325,Adaptive Staircase Experiment,,2025.1.1,79.94244145,2025-09-04 11h32.30.890525 +0530
68,0.5,4.5,56.8645872,,56.8570074,56.8645872,57.3581429,57.3581429,57.3738975,57.6464302,57.673028,right,4.5,1,1,0.3081717,213485,1,2025-09-04_11h32.29.325,Adaptive Staircase Experiment,,2025.1.1,79.94244145,2025-09-04 11h32.30.890525 +0530
69,0.5,4.5,57.6797086,,57.6732772,57.6797086,58.1712955,58.1712955,58.1712955,58.4621628,58.5542433,left,-4.5,1,1,0.3769853,213485,1,2025-09-04_11h32.29.325,Adaptive Staircase Experiment,,2025.1.1,79.94244145,2025-09-04 11h32.30.890525 +0530
70,0.5,4.5,58.5638551,,58.554531,58.5638551,59.0443115,59.0443115,59.0641484,59.3354237,59.4526228,right,4.5,0,0,0.400171,213485,1,2025-09-04_11h32.29.325,Adaptive Staircase Experiment,,2025.1.1,79.94244145,2025-09-04 11h32.30.890525 +0530
71,0.5,5,59.4605866,,59.4528716,59.4605866,59.9574796,59.9574796,59.9574796,60.2587283,60.2933176,left,-5,1,1,0.3348821,213485,1,2025-09-04_11h32.29.325,Adaptive Staircase Experiment,,2025.1.1,79.94244145,2025-09-04 11h32.30.890525 +0530
72,0.5,5,60.3076482,,60.2935901,60.3076482,60.791475,60.791475,60.7994148,61.0817691,61.3185891,left,-5,0,0,0.5207834,213485,1,2025-09-04_11h32.29.325,Adaptive Staircase Experiment,,2025.1.1,79.94244145,2025-09-04 11h32.30.890525 +0530
73,0.5,5.5,61.3303352,,61.3191224,61.3303352,61.8157876,61.8157876,61.8299707,62.1139739,62.1766796,right,5.5,1,1,0.3525888,213485,1,2025-09-04_11h32.29.325,Adaptive Staircase Experiment,,2025.1.1,79.94244145,2025-09-04 11h32.30.890525 +0530
74,0.5,5.5,62.1902698,,62.1769426,62.1902698,62.6738698,62.6738698,62.687756,62.9710494,63.013827,right,5.5,0,0,0.3360542,213485,1,2025-09-04_11h32.29.325,Adaptive Staircase Experiment,,2025.1.1,79.94244145,2025-09-04 11h32.30.890525 +0530
75,0.5,6,63.0274451,,63.0141369,63.0274451,63.5112305,63.5112305,63.5199208,63.8033945,63.8979062,left,-6,1,1,0.3839065,213485,1,2025-09-04_11h32.29.325,Adaptive Staircase Experiment,,2025.1.1,79.94244145,2025-09-04 11h32.30.890525 +0530
76,0.5,6,63.90959,,63.8981765,63.90959,64.4006063,64.4006063,64.4006063,64.6921745,64.7428022,left,-6,1,1,0.337213,213485,1,2025-09-04_11h32.29.325,Adaptive Staircase Experiment,,2025.1.1,79.94244145,2025-09-04 11h32.30.890525 +0530
77,0.5,6,64.7505393,,64.743057,64.7505393,65.2410061,65.2410061,65.2410061,65.541294,65.617095,left,-6,1,1,0.370981,213485,1,2025-09-04_11h32.29.325,Adaptive Staircase Experiment,,2025.1.1,79.94244145,2025-09-04 11h32.30.890525 +0530
78,0.5,5.5,65.6311998,,65.6173488,65.6311998,66.1146484,66.1146484,66.1260951,66.4059724,66.5091035,right,5.5,1,1,0.3866739,213485,1,2025-09-04_11h32.29.325,Adaptive Staircase Experiment,,2025.1.1,79.94244145,2025-09-04 11h32.30.890525 +0530
79,0.5,5.5,66.5218353,,66.5102904,66.5218353,67.0121947,67.0121947,67.0220693,67.3048759,67.3387694,right,5.5,1,1,0.3237607,213485,1,2025-09-04_11h32.29.325,Adaptive Staircase Experiment,,2025.1.1,79.94244145,2025-09-04 11h32.30.890525 +0530
80,0.5,5.5,67.3533437,,67.3390552,67.3533437,67.8364196,67.8364196,67.8447106,,68.1100482,right,5.5,1,1,0.2697554,213485,1,2025-09-04_11h32.29.325,Adaptive Staircase Experiment,,2025.1.1,79.94244145,2025-09-04 11h32.30.890525 +0530
81,0.5,5,68.1184066,,68.1102218,68.1184066,68.6026714,68.6026714,68.6102707,68.9017697,68.9861598,left,-5,1,1,0.3677333,213485,1,2025-09-04_11h32.29.325,Adaptive Staircase Experiment,,2025.1.1,79.94244145,2025-09-04 11h32.30.890525 +0530
82,0.5,5,68.993274,,68.9864139,68.993274,69.4848934,69.4848934,69.4848934,69.7832913,69.8617828,right,5,1,1,0.3718074,213485,1,2025-09-04_11h32.29.325,Adaptive Staircase Experiment,,2025.1.1,79.94244145,2025-09-04 11h32.30.890525 +0530
83,0.5,5,69.8766359,,69.8620393,69.8766359,70.3575862,70.3575862,70.375698,70.6571162,70.7074195,right,5,1,1,0.335231,213485,1,2025-09-04_11h32.29.325,Adaptive Staircase Experiment,,2025.1.1,79.94244145,2025-09-04 11h32.30.890525 +0530
84,0.5,4.5,70.7218284,,70.707675,70.7218284,71.2067009,71.2067009,71.214353,,71.4556135,right,4.5,1,1,0.2432139,213485,1,2025-09-04_11h32.29.325,Adaptive Staircase Experiment,,2025.1.1,79.94244145,2025-09-04 11h32.30.890525 +0530
85,0.5,4.5,71.4639034,,71.4558444,71.4639034,71.9542503,71.9542503,71.9630717,72.2544157,72.3626747,right,4.5,1,1,0.3995384,213485,1,2025-09-04_11h32.29.325,Adaptive Staircase Experiment,,2025.1.1,79.94244145,2025-09-04 11h32.30.890525 +0530
86,0.5,4.5,72.3712179,,72.3629251,72.3712179,72.8614841,72.8614841,72.8614841,73.1527823,73.2371265,right,4.5,1,1,0.3666269,213485,1,2025-09-04_11h32.29.325,Adaptive Staircase Experiment,,2025.1.1,79.94244145,2025-09-04 11h32.30.890525 +0530
87,0.5,4,73.2524279,,73.2374135,73.2524279,73.7350197,73.7350197,73.7431942,74.0259637,74.0345944,right,4,1,1,0.2931401,213485,1,2025-09-04_11h32.29.325,Adaptive Staircase Experiment,,2025.1.1,79.94244145,2025-09-04 11h32.30.890525 +0530
88,0.5,4,74.0426341,,74.034833,74.0426341,74.5252915,74.5252915,74.5328633,74.8179921,74.8605685,left,-4,0,0,0.3171102,213485,1,2025-09-04_11h32.29.325,Adaptive Staircase Experiment,,2025.1.1,79.94244145,2025-09-04 11h32.30.890525 +0530
89,0.5,4.5,74.8757767,,74.8608269,74.8757767,75.356941,75.356941,75.3747397,75.6566629,75.715376,left,-4.5,0,0,0.3531325,213485,1,2025-09-04_11h32.29.325,Adaptive Staircase Experiment,,2025.1.1,79.94244145,2025-09-04 11h32.30.890525 +0530
90,0.5,5,75.7234502,,75.7156405,75.7234502,76.2155464,76.2155464,76.2223214,76.504769,76.5979024,right,5,1,1,0.378586,213485,1,2025-09-04_11h32.29.325,Adaptive Staircase Experiment,,2025.1.1,79.94244145,2025-09-04 11h32.30.890525 +0530
91,0.5,5,76.6046836,,76.5981404,76.6046836,77.0957137,77.0957137,77.0957137,,77.3646319,right,5,0,0,0.2624491,213485,1,2025-09-04_11h32.29.325,Adaptive Staircase Experiment,,2025.1.1,79.94244145,2025-09-04 11h32.30.890525 +0530
92,0.5,5.5,77.3798651,,77.3649685,77.3798651,77.8603999,77.8603999,77.8789924,78.1523461,78.2213679,right,5.5,1,1,0.3579647,213485,1,2025-09-04_11h32.29.325,Adaptive Staircase Experiment,,2025.1.1,79.94244145,2025-09-04 11h32.30.890525 +0530
93,0.5,5.5,78.2343236,,78.2216182,78.2343236,78.7180195,78.7180195,78.7261627,79.0088218,79.0433794,right,5.5,0,0,0.3219902,213485,1,2025-09-04_11h32.29.325,Adaptive Staircase Experiment,,2025.1.1,79.94244145,2025-09-04 11h32.30.890525 +0530
94,0.5,6,79.0579632,,79.0436563,79.0579632,79.5399758,79.5399758,79.5677254,79.8399191,79.972703,left,-6,1,1,0.4122253,213485,1,2025-09-04_11h32.29.325,Adaptive Staircase Experiment,,2025.1.1,79.94244145,2025-09-04 11h32.30.890525 +0530
95,0.5,6,79.9852745,,79.9729525,79.9852745,80.4644726,80.4644726,80.48097,80.7555958,80.8980314,right,6,1,1,0.4296618,213485,1,2025-09-04_11h32.29.325,Adaptive Staircase Experiment,,2025.1.1,79.94244145,2025-09-04 11h32.30.890525 +0530
96,0.5,6,80.905504,,80.8982761,80.905504,81.396497,81.396497,81.396497,,81.678776,left,-6,0,0,0.2677607,213485,1,2025-09-04_11h32.29.325,Adaptive Staircase Experiment,,2025.1.1,79.94244145,2025-09-04 11h32.30.890525 +0530
97,0.5,6.5,81.6880586,,81.6790254,81.6880586,82.1704618,82.1704618,82.1783787,82.4618858,82.530315,left,-6.5,1,1,0.3574791,213485,1,2025-09-04_11h32.29.325,Adaptive Staircase Experiment,,2025.1.1,79.94244145,2025-09-04 11h32.30.890525 +0530
98,0.5,6.5,82.5446548,,82.5306813,82.5446548,83.0264389,83.0264389,83.0440445,83.3261549,83.5758344,left,-6.5,1,1,0.5439089,213485,1,2025-09-04_11h32.29.325,Adaptive Staircase Experiment,,2025.1.1,79.94244145,2025-09-04 11h32.30.890525 +0530
99,0.5,6.5,83.5932772,,83.576099,83.5932772,84.0738436,84.0738436,84.0913614,84.3668089,84.4590957,left,-6.5,1,1,0.3823395,213485,1,2025-09-04_11h32.29.325,Adaptive Staircase Experiment,,2025.1.1,79.94244145,2025-09-04 11h32.30.890525 +0530
