thisN,thisTrialN,thisRepN,mouse.x,mouse.y,mouse.leftButton,mouse.midButton,mouse.rightButton,mouse.time,mouse.clicked_name,trials.thisRepN,trials.thisTrialN,trials.thisN,trials.thisIndex,thisRow.t,notes,num_distr,trial.started,Fixation.started,Target.started,mouse.started,trial.stopped,trials.mouse.x,trials.mouse.y,trials.mouse.leftButton,trials.mouse.midButton,trials.mouse.rightButton,trials.mouse.time,trials.mouse.clicked_name,participant,session,date,expName,expVersion,psychopyVersion,frameRate,expStart,
0,0,0,[np.float64(-0.09606481481481481)],[np.float64(-0.27546296296296297)],[1],[0],[0],[1.5586240000557154],['Target'],0,0,0,0,0.033843900077044964,,10,0.02548980014398694,0.033843900077044964,0.033843900077044964,0.02551009994931519,1.5841882000677288,[np.float64(-0.09606481481481481)],[np.float64(-0.27546296296296297)],[1],[0],[0],[1.5586240000557154],['Target'],076066,001,2025-09-30_19h20.47.043,Visual search,,2025.1.1,119.34897530969072,2025-09-30 19h20.48.164471 +0530,
1,0,1,[np.float64(-0.36226851851851855)],[np.float64(-0.25925925925925924)],[1],[0],[0],[1.0122533000539988],['Target'],1,0,1,0,1.5987544001545757,,5,1.5938995000906289,1.5987544001545757,1.5987544001545757,0.009564799955114722,2.6062076999805868,[np.float64(-0.36226851851851855)],[np.float64(-0.25925925925925924)],[1],[0],[0],[1.0122533000539988],['Target'],076066,001,2025-09-30_19h20.47.043,Visual search,,2025.1.1,119.34897530969072,2025-09-30 19h20.48.164471 +0530,
2,0,2,[np.float64(-0.30787037037037035)],[np.float64(-0.1909722222222222)],[1],[0],[0],[1.090033199870959],[None],2,0,2,0,2.6203264000359923,,5,2.6156145001295954,2.6203264000359923,2.6203264000359923,0.00931680016219616,3.7057886000256985,[np.float64(-0.30787037037037035)],[np.float64(-0.1909722222222222)],[1],[0],[0],[1.090033199870959],[None],076066,001,2025-09-30_19h20.47.043,Visual search,,2025.1.1,119.34897530969072,2025-09-30 19h20.48.164471 +0530,
3,0,3,[np.float64(-0.1701388888888889)],[np.float64(-0.2025462962962963)],[1],[0],[0],[1.0533932000398636],['Target'],3,0,3,0,3.7311794999986887,,5,3.725079199997708,3.7311794999986887,3.7311794999986887,0.019064899999648333,4.77859800006263,[np.float64(-0.1701388888888889)],[np.float64(-0.2025462962962963)],[1],[0],[0],[1.0533932000398636],['Target'],076066,001,2025-09-30_19h20.47.043,Visual search,,2025.1.1,119.34897530969072,2025-09-30 19h20.48.164471 +0530,
4,0,4,[np.float64(0.020833333333333332)],[np.float64(-0.41898148148148145)],[1],[0],[0],[2.309304099995643],['Target'],4,0,4,0,4.815365500049666,,10,4.80801900010556,4.815365500049666,4.815365500049666,0.029197900090366602,7.117432700004429,[np.float64(0.020833333333333332)],[np.float64(-0.41898148148148145)],[1],[0],[0],[2.309304099995643],['Target'],076066,001,2025-09-30_19h20.47.043,Visual search,,2025.1.1,119.34897530969072,2025-09-30 19h20.48.164471 +0530,
5,0,5,[np.float64(0.42592592592592593)],[np.float64(0.19675925925925927)],[1],[0],[0],[3.236751199932769],['Target'],5,0,5,0,7.1499860000330955,,10,7.141475800191984,7.1499860000330955,7.1499860000330955,0.02379889995791018,10.378336200024933,[np.float64(0.42592592592592593)],[np.float64(0.19675925925925927)],[1],[0],[0],[3.236751199932769],['Target'],076066,001,2025-09-30_19h20.47.043,Visual search,,2025.1.1,119.34897530969072,2025-09-30 19h20.48.164471 +0530,
6,0,6,[np.float64(-0.2534722222222222)],[np.float64(0.19212962962962962)],[1],[0],[0],[2.0410966998897493],['Target'],6,0,6,0,10.40518690017052,,10,10.39831170020625,10.40518690017052,10.40518690017052,0.01974570006132126,12.439536400139332,[np.float64(-0.2534722222222222)],[np.float64(0.19212962962962962)],[1],[0],[0],[2.0410966998897493],['Target'],076066,001,2025-09-30_19h20.47.043,Visual search,,2025.1.1,119.34897530969072,2025-09-30 19h20.48.164471 +0530,
7,0,7,[np.float64(-0.2847222222222222)],[np.float64(-0.40625)],[1],[0],[0],[2.2306995999533683],['Target'],7,0,7,0,12.49661840009503,,10,12.481309400172904,12.49661840009503,12.49661840009503,0.04150369996204972,14.712106300052255,[np.float64(-0.2847222222222222)],[np.float64(-0.40625)],[1],[0],[0],[2.2306995999533683],['Target'],076066,001,2025-09-30_19h20.47.043,Visual search,,2025.1.1,119.34897530969072,2025-09-30 19h20.48.164471 +0530,
8,0,8,[np.float64(0.23842592592592593)],[np.float64(-0.03356481481481482)],[1],[0],[0],[2.717784299980849],['Target'],8,0,8,0,14.74495660001412,,10,14.7380955000408,14.74495660001412,14.74495660001412,0.02573270001448691,17.45601570000872,[np.float64(0.23842592592592593)],[np.float64(-0.03356481481481482)],[1],[0],[0],[2.717784299980849],['Target'],076066,001,2025-09-30_19h20.47.043,Visual search,,2025.1.1,119.34897530969072,2025-09-30 19h20.48.164471 +0530,
9,0,9,[np.float64(0.2048611111111111)],[np.float64(0.10185185185185185)],[1],[0],[0],[1.3506043998058885],['Target'],9,0,9,0,17.485206700162962,,10,17.4782370000612,17.485206700162962,17.485206700162962,0.02192609990015626,18.828955300152302,[np.float64(0.2048611111111111)],[np.float64(0.10185185185185185)],[1],[0],[0],[1.3506043998058885],['Target'],076066,001,2025-09-30_19h20.47.043,Visual search,,2025.1.1,119.34897530969072,2025-09-30 19h20.48.164471 +0530,
10,0,10,[np.float64(0.49074074074074076)],[np.float64(-0.29398148148148145)],[1],[0],[0],[6.4685329999774694],[None],10,0,10,0,18.865114100044593,,10,18.858107600128278,18.865114100044593,18.865114100044593,0.02891330001875758,25.326761899981648,[np.float64(0.49074074074074076)],[np.float64(-0.29398148148148145)],[1],[0],[0],[6.4685329999774694],[None],076066,001,2025-09-30_19h20.47.043,Visual search,,2025.1.1,119.34897530969072,2025-09-30 19h20.48.164471 +0530,
11,0,11,[np.float64(-0.3090277777777778)],[np.float64(-0.05555555555555555)],[1],[0],[0],[1.5809138999320567],['Target'],11,0,11,0,25.357124000089243,,10,25.349819700000808,25.357124000089243,25.357124000089243,0.022821499966084957,26.93085420015268,[np.float64(-0.3090277777777778)],[np.float64(-0.05555555555555555)],[1],[0],[0],[1.5809138999320567],['Target'],076066,001,2025-09-30_19h20.47.043,Visual search,,2025.1.1,119.34897530969072,2025-09-30 19h20.48.164471 +0530,
12,0,12,[np.float64(-0.024305555555555556)],[np.float64(0.26157407407407407)],[1],[0],[0],[2.041421900037676],['Target'],12,0,12,0,26.96843250002712,,10,26.96153170010075,26.96843250002712,26.96843250002712,0.03040499985218048,29.003069600090384,[np.float64(-0.024305555555555556)],[np.float64(0.26157407407407407)],[1],[0],[0],[2.041421900037676],['Target'],076066,001,2025-09-30_19h20.47.043,Visual search,,2025.1.1,119.34897530969072,2025-09-30 19h20.48.164471 +0530,
13,0,13,[np.float64(0.33564814814814814)],[np.float64(0.3414351851851852)],[1],[0],[0],[1.565267400117591],['Target'],13,0,13,0,29.041533600073308,,10,29.033374699996784,29.041533600073308,29.041533600073308,0.03006490017287433,30.59873480000533,[np.float64(0.33564814814814814)],[np.float64(0.3414351851851852)],[1],[0],[0],[1.565267400117591],['Target'],076066,001,2025-09-30_19h20.47.043,Visual search,,2025.1.1,119.34897530969072,2025-09-30 19h20.48.164471 +0530,
14,0,14,[np.float64(-0.36689814814814814)],[np.float64(-0.020833333333333332)],[1],[0],[0],[1.853916399879381],['Target'],14,0,14,0,30.642339100129902,,10,30.63359720003791,30.642339100129902,30.642339100129902,0.03467800002545118,32.487660499988124,[np.float64(-0.36689814814814814)],[np.float64(-0.020833333333333332)],[1],[0],[0],[1.853916399879381],['Target'],076066,001,2025-09-30_19h20.47.043,Visual search,,2025.1.1,119.34897530969072,2025-09-30 19h20.48.164471 +0530,
15,0,15,[np.float64(-0.41087962962962965)],[np.float64(-0.1111111111111111)],[1],[0],[0],[1.0228250999934971],['Target'],15,0,15,0,32.5093231999781,,5,32.504155500093475,32.5093231999781,32.5093231999781,0.016147099900990725,33.527053700061515,[np.float64(-0.41087962962962965)],[np.float64(-0.1111111111111111)],[1],[0],[0],[1.0228250999934971],['Target'],076066,001,2025-09-30_19h20.47.043,Visual search,,2025.1.1,119.34897530969072,2025-09-30 19h20.48.164471 +0530,
16,0,16,[np.float64(0.26157407407407407)],[np.float64(0.3541666666666667)],[1],[0],[0],[1.641083599999547],['Target'],16,0,16,0,33.55753800016828,,10,33.550311600090936,33.55753800016828,33.55753800016828,0.023042500019073486,35.1915315000806,[np.float64(0.26157407407407407)],[np.float64(0.3541666666666667)],[1],[0],[0],[1.641083599999547],['Target'],076066,001,2025-09-30_19h20.47.043,Visual search,,2025.1.1,119.34897530969072,2025-09-30 19h20.48.164471 +0530,
17,0,17,[np.float64(0.32175925925925924)],[np.float64(0.20023148148148148)],[1],[0],[0],[5.124329699901864],[None],17,0,17,0,35.22285210015252,,10,35.21568590006791,35.22285210015252,35.22285210015252,0.02388649992644787,40.34010750008747,[np.float64(0.32175925925925924)],[np.float64(0.20023148148148148)],[1],[0],[0],[5.124329699901864],[None],076066,001,2025-09-30_19h20.47.043,Visual search,,2025.1.1,119.34897530969072,2025-09-30 19h20.48.164471 +0530,
18,0,18,[np.float64(0.3599537037037037)],[np.float64(-0.4305555555555556)],[1],[0],[0],[1.8519848000723869],['Target'],18,0,18,0,40.36670020013116,,10,40.359541200101376,40.36670020013116,40.36670020013116,0.019251500023528934,42.21163330017589,[np.float64(0.3599537037037037)],[np.float64(-0.4305555555555556)],[1],[0],[0],[1.8519848000723869],['Target'],076066,001,2025-09-30_19h20.47.043,Visual search,,2025.1.1,119.34897530969072,2025-09-30 19h20.48.164471 +0530,
19,0,19,[np.float64(-0.30439814814814814)],[np.float64(-0.3819444444444444)],[1],[0],[0],[3.1821818000171334],['Target'],19,0,19,0,42.23921230016276,,10,42.23168470012024,42.23921230016276,42.23921230016276,0.019857099978253245,45.41399840009399,[np.float64(-0.30439814814814814)],[np.float64(-0.3819444444444444)],[1],[0],[0],[3.1821818000171334],['Target'],076066,001,2025-09-30_19h20.47.043,Visual search,,2025.1.1,119.34897530969072,2025-09-30 19h20.48.164471 +0530,
20,0,20,[np.float64(-0.11805555555555555)],[np.float64(-0.08333333333333333)],[1],[0],[0],[1.5461477001663297],['Target'],20,0,20,0,45.43671160005033,,5,45.4314298001118,45.43671160005033,45.43671160005033,0.01716289995238185,46.97764340019785,[np.float64(-0.11805555555555555)],[np.float64(-0.08333333333333333)],[1],[0],[0],[1.5461477001663297],['Target'],076066,001,2025-09-30_19h20.47.043,Visual search,,2025.1.1,119.34897530969072,2025-09-30 19h20.48.164471 +0530,
21,0,21,[np.float64(0.32523148148148145)],[np.float64(0.19212962962962962)],[1],[0],[0],[1.5466481000185013],['Target'],21,0,21,0,47.01102880015969,,10,47.003908100072294,47.01102880015969,47.01102880015969,0.02615629998035729,48.55067900009453,[np.float64(0.32523148148148145)],[np.float64(0.19212962962962962)],[1],[0],[0],[1.5466481000185013],['Target'],076066,001,2025-09-30_19h20.47.043,Visual search,,2025.1.1,119.34897530969072,2025-09-30 19h20.48.164471 +0530,
22,0,22,[np.float64(0.27546296296296297)],[np.float64(0.3125)],[1],[0],[0],[1.3883283999748528],['Target'],22,0,22,0,48.58421090012416,,10,48.576798600144684,48.58421090012416,48.58421090012416,0.02586450008675456,49.965230100089684,[np.float64(0.27546296296296297)],[np.float64(0.3125)],[1],[0],[0],[1.3883283999748528],['Target'],076066,001,2025-09-30_19h20.47.043,Visual search,,2025.1.1,119.34897530969072,2025-09-30 19h20.48.164471 +0530,
23,0,23,[np.float64(-0.3333333333333333)],[np.float64(-0.010416666666666666)],[1],[0],[0],[1.453915299847722],['Target'],23,0,23,0,49.99221500009298,,10,49.98466050019488,49.99221500009298,49.99221500009298,0.019222999922931194,51.438685700064525,[np.float64(-0.3333333333333333)],[np.float64(-0.010416666666666666)],[1],[0],[0],[1.453915299847722],['Target'],076066,001,2025-09-30_19h20.47.043,Visual search,,2025.1.1,119.34897530969072,2025-09-30 19h20.48.164471 +0530,
24,0,24,[np.float64(-0.024305555555555556)],[np.float64(0.3113425925925926)],[1],[0],[0],[1.3690307000651956],['Target'],24,0,24,0,51.4729313000571,,10,51.465826800093055,51.4729313000571,51.4729313000571,0.026889599859714508,52.834961800137535,[np.float64(-0.024305555555555556)],[np.float64(0.3113425925925926)],[1],[0],[0],[1.3690307000651956],['Target'],076066,001,2025-09-30_19h20.47.043,Visual search,,2025.1.1,119.34897530969072,2025-09-30 19h20.48.164471 +0530,
25,0,25,[np.float64(-0.5138888888888888)],[np.float64(-0.11689814814814815)],[1],[0],[0],[1.3948742998763919],['Target'],25,0,25,0,52.861215400043875,,10,52.85428340011276,52.861215400043875,52.861215400043875,0.019121599849313498,54.249279000097886,[np.float64(-0.5138888888888888)],[np.float64(-0.11689814814814815)],[1],[0],[0],[1.3948742998763919],['Target'],076066,001,2025-09-30_19h20.47.043,Visual search,,2025.1.1,119.34897530969072,2025-09-30 19h20.48.164471 +0530,
26,0,26,[np.float64(-0.12268518518518519)],[np.float64(-0.46875)],[1],[0],[0],[3.113621399970725],['Target'],26,0,26,0,54.27959190006368,,10,54.27132160007022,54.27959190006368,54.27959190006368,0.021791699808090925,57.385080700041726,[np.float64(-0.12268518518518519)],[np.float64(-0.46875)],[1],[0],[0],[3.113621399970725],['Target'],076066,001,2025-09-30_19h20.47.043,Visual search,,2025.1.1,119.34897530969072,2025-09-30 19h20.48.164471 +0530,
27,0,27,[np.float64(0.26273148148148145)],[np.float64(0.42824074074074076)],[1],[0],[0],[2.171331299934536],['Target'],27,0,27,0,57.40797140006907,,5,57.40283100004308,57.40797140006907,57.40797140006907,0.01690510008484125,59.57426710007712,[np.float64(0.26273148148148145)],[np.float64(0.42824074074074076)],[1],[0],[0],[2.171331299934536],['Target'],076066,001,2025-09-30_19h20.47.043,Visual search,,2025.1.1,119.34897530969072,2025-09-30 19h20.48.164471 +0530,
28,0,28,[np.float64(-0.24305555555555555)],[np.float64(-0.2222222222222222)],[1],[0],[0],[1.5993854999542236],['Target'],28,0,28,0,59.59209410008043,,5,59.58722360013053,59.59209410008043,59.59209410008043,0.012779500102624297,61.18669130001217,[np.float64(-0.24305555555555555)],[np.float64(-0.2222222222222222)],[1],[0],[0],[1.5993854999542236],['Target'],076066,001,2025-09-30_19h20.47.043,Visual search,,2025.1.1,119.34897530969072,2025-09-30 19h20.48.164471 +0530,
29,0,29,[np.float64(0.47337962962962965)],[np.float64(0.037037037037037035)],[1],[0],[0],[1.784724600147456],['Target'],29,0,29,0,61.21663200017065,,10,61.2096818999853,61.21663200017065,61.21663200017065,0.022863199934363365,62.99451049999334,[np.float64(0.47337962962962965)],[np.float64(0.037037037037037035)],[1],[0],[0],[1.784724600147456],['Target'],076066,001,2025-09-30_19h20.47.043,Visual search,,2025.1.1,119.34897530969072,2025-09-30 19h20.48.164471 +0530,
30,0,30,[np.float64(-0.2789351851851852)],[np.float64(0.4444444444444444)],[1],[0],[0],[5.0738515998236835],['Target'],30,0,30,0,63.02395040006377,,10,63.017189800040796,63.02395040006377,63.02395040006377,0.02245829999446869,68.09116569999605,[np.float64(-0.2789351851851852)],[np.float64(0.4444444444444444)],[1],[0],[0],[5.0738515998236835],['Target'],076066,001,2025-09-30_19h20.47.043,Visual search,,2025.1.1,119.34897530969072,2025-09-30 19h20.48.164471 +0530,
31,0,31,[np.float64(0.38657407407407407)],[np.float64(-0.37037037037037035)],[1],[0],[0],[2.4100515998434275],['Target'],31,0,31,0,68.11632909998298,,5,68.1104292999953,68.11632909998298,68.11632909998298,0.019015700090676546,70.5205825001467,[np.float64(0.38657407407407407)],[np.float64(-0.37037037037037035)],[1],[0],[0],[2.4100515998434275],['Target'],076066,001,2025-09-30_19h20.47.043,Visual search,,2025.1.1,119.34897530969072,2025-09-30 19h20.48.164471 +0530,
32,0,32,[np.float64(0.1412037037037037)],[np.float64(-0.12731481481481483)],[1],[0],[0],[1.4254254000261426],['Target'],32,0,32,0,70.5403036000207,,5,70.53538570017554,70.5403036000207,70.5403036000207,0.014606900047510862,71.96089250012301,[np.float64(0.1412037037037037)],[np.float64(-0.12731481481481483)],[1],[0],[0],[1.4254254000261426],['Target'],076066,001,2025-09-30_19h20.47.043,Visual search,,2025.1.1,119.34897530969072,2025-09-30 19h20.48.164471 +0530,
33,0,33,[np.float64(-0.17824074074074073)],[np.float64(0.09953703703703703)],[1],[0],[0],[1.5914390999823809],['Target'],33,0,33,0,71.98069920018315,,5,71.97483670013025,71.98069920018315,71.98069920018315,0.013809900032356381,73.56648110016249,[np.float64(-0.17824074074074073)],[np.float64(0.09953703703703703)],[1],[0],[0],[1.5914390999823809],['Target'],076066,001,2025-09-30_19h20.47.043,Visual search,,2025.1.1,119.34897530969072,2025-09-30 19h20.48.164471 +0530,
34,0,34,[np.float64(0.47800925925925924)],[np.float64(-0.1875)],[1],[0],[0],[2.9029320999979973],['Target'],34,0,34,0,73.58833390008658,,5,73.58274910016917,73.58833390008658,73.58833390008658,0.01601279992610216,76.48580000014044,[np.float64(0.47800925925925924)],[np.float64(-0.1875)],[1],[0],[0],[2.9029320999979973],['Target'],076066,001,2025-09-30_19h20.47.043,Visual search,,2025.1.1,119.34897530969072,2025-09-30 19h20.48.164471 +0530,
35,0,35,[np.float64(-0.30324074074074076)],[np.float64(-0.06828703703703703)],[1],[0],[0],[1.1956974000204355],['Target'],35,0,35,0,76.50916900020093,,5,76.50386040005833,76.50916900020093,76.50916900020093,0.017851899843662977,77.69966580020264,[np.float64(-0.30324074074074076)],[np.float64(-0.06828703703703703)],[1],[0],[0],[1.1956974000204355],['Target'],076066,001,2025-09-30_19h20.47.043,Visual search,,2025.1.1,119.34897530969072,2025-09-30 19h20.48.164471 +0530,
36,0,36,[np.float64(-0.3414351851851852)],[np.float64(0.41087962962962965)],[1],[0],[0],[3.09466729988344],['Target'],36,0,36,0,77.7223718999885,,5,77.71723950002342,77.7223718999885,77.7223718999885,0.017384400125592947,80.8120162000414,[np.float64(-0.3414351851851852)],[np.float64(0.41087962962962965)],[1],[0],[0],[3.09466729988344],['Target'],076066,001,2025-09-30_19h20.47.043,Visual search,,2025.1.1,119.34897530969072,2025-09-30 19h20.48.164471 +0530,
37,0,37,[np.float64(0.49421296296296297)],[np.float64(0.28587962962962965)],[1],[0],[0],[2.8002863000147045],['Target'],37,0,37,0,80.84588550007902,,10,80.83899940014817,80.84588550007902,80.84588550007902,0.026788000017404556,83.63939630007371,[np.float64(0.49421296296296297)],[np.float64(0.28587962962962965)],[1],[0],[0],[2.8002863000147045],['Target'],076066,001,2025-09-30_19h20.47.043,Visual search,,2025.1.1,119.34897530969072,2025-09-30 19h20.48.164471 +0530,
38,0,38,[np.float64(0.011574074074074073)],[np.float64(-0.3402777777777778)],[1],[0],[0],[3.3042831998318434],['Target'],38,0,38,0,83.68187119998038,,10,83.67104130005464,83.68187119998038,83.68187119998038,0.03142709983512759,86.97542860009708,[np.float64(0.011574074074074073)],[np.float64(-0.3402777777777778)],[1],[0],[0],[3.3042831998318434],['Target'],076066,001,2025-09-30_19h20.47.043,Visual search,,2025.1.1,119.34897530969072,2025-09-30 19h20.48.164471 +0530,
39,0,39,[np.float64(-0.1087962962962963)],[np.float64(0.3263888888888889)],[1],[0],[0],[1.305645199958235],['Target'],39,0,39,0,86.9977808999829,,5,86.99235730012879,86.9977808999829,86.9977808999829,0.016681999899446964,88.29808670002967,[np.float64(-0.1087962962962963)],[np.float64(0.3263888888888889)],[1],[0],[0],[1.305645199958235],['Target'],076066,001,2025-09-30_19h20.47.043,Visual search,,2025.1.1,119.34897530969072,2025-09-30 19h20.48.164471 +0530,
40,0,40,[np.float64(0.4085648148148148)],[np.float64(-0.06828703703703703)],[1],[0],[0],[1.7759591001085937],['Target'],40,0,40,0,88.32439120020717,,10,88.31734280008823,88.32439120020717,88.32439120020717,0.019106999970972538,90.09336420008913,[np.float64(0.4085648148148148)],[np.float64(-0.06828703703703703)],[1],[0],[0],[1.7759591001085937],['Target'],076066,001,2025-09-30_19h20.47.043,Visual search,,2025.1.1,119.34897530969072,2025-09-30 19h20.48.164471 +0530,
41,0,41,[np.float64(-0.33101851851851855)],[np.float64(0.1736111111111111)],[1],[0],[0],[1.930752000072971],['Target'],41,0,41,0,90.11779700010084,,5,90.11129800020717,90.11779700010084,90.11779700010084,0.017834199825301766,92.04215470002964,[np.float64(-0.33101851851851855)],[np.float64(0.1736111111111111)],[1],[0],[0],[1.930752000072971],['Target'],076066,001,2025-09-30_19h20.47.043,Visual search,,2025.1.1,119.34897530969072,2025-09-30 19h20.48.164471 +0530,
42,0,42,[np.float64(0.03356481481481482)],[np.float64(0.0625)],[1],[0],[0],[1.4728049000259489],[None],42,0,42,0,92.07071860018186,,10,92.06377060012892,92.07071860018186,92.07071860018186,0.02139739994890988,93.53665420017205,[np.float64(0.03356481481481482)],[np.float64(0.0625)],[1],[0],[0],[1.4728049000259489],[None],076066,001,2025-09-30_19h20.47.043,Visual search,,2025.1.1,119.34897530969072,2025-09-30 19h20.48.164471 +0530,
43,0,43,[np.float64(0.31712962962962965)],[np.float64(-0.3194444444444444)],[1],[0],[0],[6.813778400188312],['Target'],43,0,43,0,93.55139200016856,,5,93.54646220011637,93.55139200016856,93.55139200016856,0.009655300062149763,100.36035159998573,[np.float64(0.31712962962962965)],[np.float64(-0.3194444444444444)],[1],[0],[0],[6.813778400188312],['Target'],076066,001,2025-09-30_19h20.47.043,Visual search,,2025.1.1,119.34897530969072,2025-09-30 19h20.48.164471 +0530,
44,0,44,[np.float64(-0.13310185185185186)],[np.float64(0.2708333333333333)],[1],[0],[0],[5.193804800044745],['Target'],44,0,44,0,100.38857320020907,,5,100.37978509999812,100.38857320020907,100.38857320020907,0.019274199847131968,105.57363440003246,[np.float64(-0.13310185185185186)],[np.float64(0.2708333333333333)],[1],[0],[0],[5.193804800044745],['Target'],076066,001,2025-09-30_19h20.47.043,Visual search,,2025.1.1,119.34897530969072,2025-09-30 19h20.48.164471 +0530,
45,0,45,[np.float64(-0.4652777777777778)],[np.float64(-0.14351851851851852)],[1],[0],[0],[9.716275499900803],['Target'],45,0,45,0,105.58961310004815,,5,105.5837272000499,105.58961310004815,105.58961310004815,0.00999179994687438,115.30011220020242,[np.float64(-0.4652777777777778)],[np.float64(-0.14351851851851852)],[1],[0],[0],[9.716275499900803],['Target'],076066,001,2025-09-30_19h20.47.043,Visual search,,2025.1.1,119.34897530969072,2025-09-30 19h20.48.164471 +0530,
46,0,46,[np.float64(-0.41435185185185186)],[np.float64(0.018518518518518517)],[1],[0],[0],[6.477257299935445],[None],46,0,46,0,115.32777720014565,,5,115.31803010008298,115.32777720014565,115.32777720014565,0.017743599833920598,121.79536230000667,[np.float64(-0.41435185185185186)],[np.float64(0.018518518518518517)],[1],[0],[0],[6.477257299935445],[None],076066,001,2025-09-30_19h20.47.043,Visual search,,2025.1.1,119.34897530969072,2025-09-30 19h20.48.164471 +0530,
47,0,47,[np.float64(-0.1284722222222222)],[np.float64(0.28587962962962965)],[1],[0],[0],[1.1264508999884129],['Target'],47,0,47,0,121.8162045001518,,5,121.80856130016036,121.8162045001518,121.8162045001518,0.013073200127109885,122.9351689000614,[np.float64(-0.1284722222222222)],[np.float64(0.28587962962962965)],[1],[0],[0],[1.1264508999884129],['Target'],076066,001,2025-09-30_19h20.47.043,Visual search,,2025.1.1,119.34897530969072,2025-09-30 19h20.48.164471 +0530,
48,0,48,[np.float64(-0.3113425925925926)],[np.float64(0.09027777777777778)],[1],[0],[0],[1.1317508001811802],['Target'],48,0,48,0,122.97375700017437,,10,122.96711269998923,122.97375700017437,122.97375700017437,0.031778200063854456,124.09891650010832,[np.float64(-0.3113425925925926)],[np.float64(0.09027777777777778)],[1],[0],[0],[1.1317508001811802],['Target'],076066,001,2025-09-30_19h20.47.043,Visual search,,2025.1.1,119.34897530969072,2025-09-30 19h20.48.164471 +0530,
49,0,49,[np.float64(0.0763888888888889)],[np.float64(-0.1400462962962963)],[1],[0],[0],[2.096849099965766],['Target'],49,0,49,0,124.11419500014745,,5,124.10893450002186,124.11419500014745,124.11419500014745,0.00990740000270307,126.20589630003087,[np.float64(0.0763888888888889)],[np.float64(-0.1400462962962963)],[1],[0],[0],[2.096849099965766],['Target'],076066,001,2025-09-30_19h20.47.043,Visual search,,2025.1.1,119.34897530969072,2025-09-30 19h20.48.164471 +0530,
50,0,50,[np.float64(-0.39814814814814814)],[np.float64(-0.30671296296296297)],[1],[0],[0],[2.371482799993828],['Target'],50,0,50,0,126.2255082000047,,5,126.22057820018381,126.2255082000047,126.2255082000047,0.014485699823126197,128.59214560012333,[np.float64(-0.39814814814814814)],[np.float64(-0.30671296296296297)],[1],[0],[0],[2.371482799993828],['Target'],076066,001,2025-09-30_19h20.47.043,Visual search,,2025.1.1,119.34897530969072,2025-09-30 19h20.48.164471 +0530,
51,0,51,[np.float64(-0.3715277777777778)],[np.float64(-0.03009259259259259)],[1],[0],[0],[0.9920311002060771],['Target'],51,0,51,0,128.62170870020054,,10,128.6141928001307,128.62170870020054,128.62170870020054,0.02189759979955852,129.6063291002065,[np.float64(-0.3715277777777778)],[np.float64(-0.03009259259259259)],[1],[0],[0],[0.9920311002060771],['Target'],076066,001,2025-09-30_19h20.47.043,Visual search,,2025.1.1,119.34897530969072,2025-09-30 19h20.48.164471 +0530,
52,0,52,[np.float64(-0.1550925925925926)],[np.float64(0.04282407407407408)],[1],[0],[0],[1.1700716000050306],['Target'],52,0,52,0,129.62478980002925,,5,129.62006320012733,129.62478980002925,129.62478980002925,0.013531100004911423,130.7902361000888,[np.float64(-0.1550925925925926)],[np.float64(0.04282407407407408)],[1],[0],[0],[1.1700716000050306],['Target'],076066,001,2025-09-30_19h20.47.043,Visual search,,2025.1.1,119.34897530969072,2025-09-30 19h20.48.164471 +0530,
53,0,53,[np.float64(0.16898148148148148)],[np.float64(0.1388888888888889)],[1],[0],[0],[2.889497999800369],['Target'],53,0,53,0,130.81816160003655,,5,130.8093914000783,130.81816160003655,130.81816160003655,0.01899280003271997,133.6989551000297,[np.float64(0.16898148148148148)],[np.float64(0.1388888888888889)],[1],[0],[0],[2.889497999800369],['Target'],076066,001,2025-09-30_19h20.47.043,Visual search,,2025.1.1,119.34897530969072,2025-09-30 19h20.48.164471 +0530,
54,0,54,[np.float64(-0.3263888888888889)],[np.float64(0.2916666666666667)],[1],[0],[0],[1.2622152001131326],[None],54,0,54,0,133.71591110015288,,5,133.71070890012197,133.71591110015288,133.71591110015288,0.011623800033703446,134.97304469998926,[np.float64(-0.3263888888888889)],[np.float64(0.2916666666666667)],[1],[0],[0],[1.2622152001131326],[None],076066,001,2025-09-30_19h20.47.043,Visual search,,2025.1.1,119.34897530969072,2025-09-30 19h20.48.164471 +0530,
55,0,55,[np.float64(-0.1087962962962963)],[np.float64(0.28935185185185186)],[1],[0],[0],[1.5780414999462664],['Target'],55,0,55,0,135.01564700016752,,10,135.00741840014234,135.01564700016752,135.01564700016752,0.034129299921914935,136.58554840018041,[np.float64(-0.1087962962962963)],[np.float64(0.28935185185185186)],[1],[0],[0],[1.5780414999462664],['Target'],076066,001,2025-09-30_19h20.47.043,Visual search,,2025.1.1,119.34897530969072,2025-09-30 19h20.48.164471 +0530,
56,0,56,[np.float64(0.1909722222222222)],[np.float64(-0.3101851851851852)],[1],[0],[0],[1.8862862000241876],['Target'],56,0,56,0,136.60479240003042,,5,136.59791780007072,136.60479240003042,136.60479240003042,0.01218960015103221,138.48429800011218,[np.float64(0.1909722222222222)],[np.float64(-0.3101851851851852)],[1],[0],[0],[1.8862862000241876],['Target'],076066,001,2025-09-30_19h20.47.043,Visual search,,2025.1.1,119.34897530969072,2025-09-30 19h20.48.164471 +0530,
57,0,57,[np.float64(0.4513888888888889)],[np.float64(-0.27314814814814814)],[1],[0],[0],[2.0102929999120533],[None],57,0,57,0,138.51120300008915,,5,138.50312590016983,138.51120300008915,138.51120300008915,0.018653499893844128,140.51346490019932,[np.float64(0.4513888888888889)],[np.float64(-0.27314814814814814)],[1],[0],[0],[2.0102929999120533],[None],076066,001,2025-09-30_19h20.47.043,Visual search,,2025.1.1,119.34897530969072,2025-09-30 19h20.48.164471 +0530,
58,0,58,[np.float64(-0.006944444444444444)],[np.float64(0.25462962962962965)],[1],[0],[0],[5.1008828999474645],[None],58,0,58,0,140.556971100159,,10,140.54549410007894,140.556971100159,140.556971100159,0.03195809992030263,145.6464748000726,[np.float64(-0.006944444444444444)],[np.float64(0.25462962962962965)],[1],[0],[0],[5.1008828999474645],[None],076066,001,2025-09-30_19h20.47.043,Visual search,,2025.1.1,119.34897530969072,2025-09-30 19h20.48.164471 +0530,
59,0,59,[np.float64(0.4976851851851852)],[np.float64(-0.19907407407407407)],[1],[0],[0],[1.9389772999566048],['Target'],59,0,59,0,145.68313160003163,,10,145.67051990004256,145.68313160003163,145.68313160003163,0.023810400161892176,147.60961460019462,[np.float64(0.4976851851851852)],[np.float64(-0.19907407407407407)],[1],[0],[0],[1.9389772999566048],['Target'],076066,001,2025-09-30_19h20.47.043,Visual search,,2025.1.1,119.34897530969072,2025-09-30 19h20.48.164471 +0530,
60,0,60,[np.float64(0.3726851851851852)],[np.float64(0.1111111111111111)],[1],[0],[0],[8.64678639988415],['Target'],60,0,60,0,147.63968540006317,,10,147.631418999983,147.63968540006317,147.63968540006317,0.02154710004106164,156.27833690005355,[np.float64(0.3726851851851852)],[np.float64(0.1111111111111111)],[1],[0],[0],[8.64678639988415],['Target'],076066,001,2025-09-30_19h20.47.043,Visual search,,2025.1.1,119.34897530969072,2025-09-30 19h20.48.164471 +0530,
61,0,61,[np.float64(0.42476851851851855)],[np.float64(-0.33912037037037035)],[1],[0],[0],[1.8042234999593347],['Target'],61,0,61,0,156.3196663002018,,10,156.31053420016542,156.3196663002018,156.3196663002018,0.03194959997199476,158.11487819999456,[np.float64(0.42476851851851855)],[np.float64(-0.33912037037037035)],[1],[0],[0],[1.8042234999593347],['Target'],076066,001,2025-09-30_19h20.47.043,Visual search,,2025.1.1,119.34897530969072,2025-09-30 19h20.48.164471 +0530,
62,0,62,[np.float64(-0.11342592592592593)],[np.float64(-0.41898148148148145)],[1],[0],[0],[1.8888931998517364],['Target'],62,0,62,0,158.15593110001646,,10,158.1401844001375,158.15593110001646,158.15593110001646,0.025042099878191948,160.02919070003554,[np.float64(-0.11342592592592593)],[np.float64(-0.41898148148148145)],[1],[0],[0],[1.8888931998517364],['Target'],076066,001,2025-09-30_19h20.47.043,Visual search,,2025.1.1,119.34897530969072,2025-09-30 19h20.48.164471 +0530,
63,0,63,[np.float64(0.42939814814814814)],[np.float64(0.39467592592592593)],[1],[0],[0],[3.7834344999864697],['Target'],63,0,63,0,160.0708670001477,,10,160.06259880005382,160.0708670001477,160.0708670001477,0.033185699954628944,163.84610930015333,[np.float64(0.42939814814814814)],[np.float64(0.39467592592592593)],[1],[0],[0],[3.7834344999864697],['Target'],076066,001,2025-09-30_19h20.47.043,Visual search,,2025.1.1,119.34897530969072,2025-09-30 19h20.48.164471 +0530,
64,0,64,[np.float64(-0.41898148148148145)],[np.float64(0.4039351851851852)],[1],[0],[0],[1.8626285998616368],['Target'],64,0,64,0,163.87069970020093,,5,163.86335080000572,163.87069970020093,163.87069970020093,0.01709589990787208,165.7260865001008,[np.float64(-0.41898148148148145)],[np.float64(0.4039351851851852)],[1],[0],[0],[1.8626285998616368],['Target'],076066,001,2025-09-30_19h20.47.043,Visual search,,2025.1.1,119.34897530969072,2025-09-30 19h20.48.164471 +0530,
65,0,65,[np.float64(0.052083333333333336)],[np.float64(0.4722222222222222)],[1],[0],[0],[1.7492554998025298],['Target'],65,0,65,0,165.76380580011755,,10,165.75676720007323,165.76380580011755,165.76380580011755,0.030477599939331412,167.50610040011816,[np.float64(0.052083333333333336)],[np.float64(0.4722222222222222)],[1],[0],[0],[1.7492554998025298],['Target'],076066,001,2025-09-30_19h20.47.043,Visual search,,2025.1.1,119.34897530969072,2025-09-30 19h20.48.164471 +0530,
66,0,66,[np.float64(0.056712962962962965)],[np.float64(0.4699074074074074)],[1],[0],[0],[2.821447500027716],['Target'],66,0,66,0,167.52821810008027,,5,167.52282449998893,167.52821810008027,167.52821810008027,0.01656559994444251,170.34437760012224,[np.float64(0.056712962962962965)],[np.float64(0.4699074074074074)],[1],[0],[0],[2.821447500027716],['Target'],076066,001,2025-09-30_19h20.47.043,Visual search,,2025.1.1,119.34897530969072,2025-09-30 19h20.48.164471 +0530,
67,0,67,[np.float64(-0.4375)],[np.float64(0.17824074074074073)],[1],[0],[0],[1.8097938999999315],['Target'],67,0,67,0,170.38010890013538,,10,170.37166290008463,170.38010890013538,170.38010890013538,0.027087900089100003,172.18156710010953,[np.float64(-0.4375)],[np.float64(0.17824074074074073)],[1],[0],[0],[1.8097938999999315],['Target'],076066,001,2025-09-30_19h20.47.043,Visual search,,2025.1.1,119.34897530969072,2025-09-30 19h20.48.164471 +0530,
68,0,68,[np.float64(-0.17824074074074073)],[np.float64(-0.31712962962962965)],[1],[0],[0],[2.4108537000138313],['Target'],68,0,68,0,172.2072303001769,,5,172.200253700139,172.2072303001769,172.2072303001769,0.018461599946022034,174.61122200009413,[np.float64(-0.17824074074074073)],[np.float64(-0.31712962962962965)],[1],[0],[0],[2.4108537000138313],['Target'],076066,001,2025-09-30_19h20.47.043,Visual search,,2025.1.1,119.34897530969072,2025-09-30 19h20.48.164471 +0530,
69,0,69,[np.float64(0.17592592592592593)],[np.float64(0.16435185185185186)],[1],[0],[0],[3.760689599905163],['Target'],69,0,69,0,174.6533449999988,,10,174.64444610010833,174.6533449999988,174.6533449999988,0.03301540017127991,178.40524300001562,[np.float64(0.17592592592592593)],[np.float64(0.16435185185185186)],[1],[0],[0],[3.760689599905163],['Target'],076066,001,2025-09-30_19h20.47.043,Visual search,,2025.1.1,119.34897530969072,2025-09-30 19h20.48.164471 +0530,
70,0,70,[np.float64(0.3958333333333333)],[np.float64(-0.1412037037037037)],[1],[0],[0],[2.9395507001318038],['Target'],70,0,70,0,178.42391840019263,,5,178.41888090013526,178.42391840019263,178.42391840019263,0.013399400049820542,181.35855860006995,[np.float64(0.3958333333333333)],[np.float64(-0.1412037037037037)],[1],[0],[0],[2.9395507001318038],['Target'],076066,001,2025-09-30_19h20.47.043,Visual search,,2025.1.1,119.34897530969072,2025-09-30 19h20.48.164471 +0530,
71,0,71,[np.float64(-0.10532407407407407)],[np.float64(0.4537037037037037)],[1],[0],[0],[1.6039359997957945],['Target'],71,0,71,0,181.38299220008776,,5,181.37590180011466,181.38299220008776,181.38299220008776,0.017107899999246,182.9799498000648,[np.float64(-0.10532407407407407)],[np.float64(0.4537037037037037)],[1],[0],[0],[1.6039359997957945],['Target'],076066,001,2025-09-30_19h20.47.043,Visual search,,2025.1.1,119.34897530969072,2025-09-30 19h20.48.164471 +0530,
72,0,72,[np.float64(-0.42824074074074076)],[np.float64(-0.4444444444444444)],[1],[0],[0],[5.180944100022316],['Target'],72,0,72,0,183.0065792000387,,5,182.99858950008638,183.0065792000387,183.0065792000387,0.01845169998705387,188.1796373000834,[np.float64(-0.42824074074074076)],[np.float64(-0.4444444444444444)],[1],[0],[0],[5.180944100022316],['Target'],076066,001,2025-09-30_19h20.47.043,Visual search,,2025.1.1,119.34897530969072,2025-09-30 19h20.48.164471 +0530,
73,0,73,[np.float64(0.45601851851851855)],[np.float64(0.01273148148148148)],[1],[0],[0],[1.5496859999839216],['Target'],73,0,73,0,188.1982214001473,,5,188.1924583001528,188.1982214001473,188.1982214001473,0.012610699981451035,189.74226470012218,[np.float64(0.45601851851851855)],[np.float64(0.01273148148148148)],[1],[0],[0],[1.5496859999839216],['Target'],076066,001,2025-09-30_19h20.47.043,Visual search,,2025.1.1,119.34897530969072,2025-09-30 19h20.48.164471 +0530,
74,0,74,[np.float64(-0.2951388888888889)],[np.float64(0.41550925925925924)],[1],[0],[0],[2.848374499939382],['Target'],74,0,74,0,189.78125750017352,,10,189.77273850003257,189.78125750017352,189.78125750017352,0.030271399999037385,192.6212220999878,[np.float64(-0.2951388888888889)],[np.float64(0.41550925925925924)],[1],[0],[0],[2.848374499939382],['Target'],076066,001,2025-09-30_19h20.47.043,Visual search,,2025.1.1,119.34897530969072,2025-09-30 19h20.48.164471 +0530,
75,0,75,[np.float64(-0.011574074074074073)],[np.float64(0.41898148148148145)],[1],[0],[0],[1.4616682999767363],['Target'],75,0,75,0,192.6661321001593,,10,192.65592020004988,192.6661321001593,192.6661321001593,0.03446449991315603,194.1176773000043,[np.float64(-0.011574074074074073)],[np.float64(0.41898148148148145)],[1],[0],[0],[1.4616682999767363],['Target'],076066,001,2025-09-30_19h20.47.043,Visual search,,2025.1.1,119.34897530969072,2025-09-30 19h20.48.164471 +0530,
76,0,76,[np.float64(-0.2777777777777778)],[np.float64(-0.38310185185185186)],[1],[0],[0],[2.016770699992776],['Target'],76,0,76,0,194.13988700020127,,5,194.13193760020658,194.13988700020127,194.13988700020127,0.014107799855992198,196.14881919999607,[np.float64(-0.2777777777777778)],[np.float64(-0.38310185185185186)],[1],[0],[0],[2.016770699992776],['Target'],076066,001,2025-09-30_19h20.47.043,Visual search,,2025.1.1,119.34897530969072,2025-09-30 19h20.48.164471 +0530,
77,0,77,[np.float64(-0.3402777777777778)],[np.float64(0.4675925925925926)],[1],[0],[0],[3.794588099932298],['Target'],77,0,77,0,196.18012020015158,,10,196.17083720001392,196.18012020015158,196.18012020015158,0.021824900060892105,199.96554420003667,[np.float64(-0.3402777777777778)],[np.float64(0.4675925925925926)],[1],[0],[0],[3.794588099932298],['Target'],076066,001,2025-09-30_19h20.47.043,Visual search,,2025.1.1,119.34897530969072,2025-09-30 19h20.48.164471 +0530,
78,0,78,[np.float64(-0.44212962962962965)],[np.float64(-0.4583333333333333)],[1],[0],[0],[2.032251900061965],['Target'],78,0,78,0,199.98594560008496,,5,199.97946070018224,199.98594560008496,199.98594560008496,0.013664699858054519,202.01182310003787,[np.float64(-0.44212962962962965)],[np.float64(-0.4583333333333333)],[1],[0],[0],[2.032251900061965],['Target'],076066,001,2025-09-30_19h20.47.043,Visual search,,2025.1.1,119.34897530969072,2025-09-30 19h20.48.164471 +0530,
79,0,79,[np.float64(0.41782407407407407)],[np.float64(-0.34375)],[1],[0],[0],[7.892114199930802],[None],79,0,79,0,202.06073929998092,,10,202.04730780003592,202.06073929998092,202.06073929998092,0.035316199995577335,209.93952730018646,[np.float64(0.41782407407407407)],[np.float64(-0.34375)],[1],[0],[0],[7.892114199930802],[None],076066,001,2025-09-30_19h20.47.043,Visual search,,2025.1.1,119.34897530969072,2025-09-30 19h20.48.164471 +0530,
80,0,80,[np.float64(0.24768518518518517)],[np.float64(-0.02199074074074074)],[1],[0],[0],[1.4114526999183],['Target'],80,0,80,0,209.99039880000055,,10,209.9754720001947,209.99039880000055,209.99039880000055,0.035720699932426214,211.38697920017876,[np.float64(0.24768518518518517)],[np.float64(-0.02199074074074074)],[1],[0],[0],[1.4114526999183],['Target'],076066,001,2025-09-30_19h20.47.043,Visual search,,2025.1.1,119.34897530969072,2025-09-30 19h20.48.164471 +0530,
81,0,81,[np.float64(-0.2337962962962963)],[np.float64(0.33796296296296297)],[1],[0],[0],[1.3438480999320745],['Target'],81,0,81,0,211.48295910004526,,10,211.4747096002102,211.48295910004526,211.48295910004526,0.08755160006694496,212.81866270001046,[np.float64(-0.2337962962962963)],[np.float64(0.33796296296296297)],[1],[0],[0],[1.3438480999320745],['Target'],076066,001,2025-09-30_19h20.47.043,Visual search,,2025.1.1,119.34897530969072,2025-09-30 19h20.48.164471 +0530,
82,0,82,[np.float64(-0.4166666666666667)],[np.float64(0.41087962962962965)],[1],[0],[0],[1.1120203998871148],['Target'],82,0,82,0,212.8628055001609,,10,212.85347740002908,212.8628055001609,212.8628055001609,0.034589400049299,213.9655999999959,[np.float64(-0.4166666666666667)],[np.float64(0.41087962962962965)],[1],[0],[0],[1.1120203998871148],['Target'],076066,001,2025-09-30_19h20.47.043,Visual search,,2025.1.1,119.34897530969072,2025-09-30 19h20.48.164471 +0530,
83,0,83,[np.float64(0.22569444444444445)],[np.float64(-0.05324074074074074)],[1],[0],[0],[1.5766110001131892],['Target'],83,0,83,0,213.99450310016982,,10,213.9849818001967,213.99450310016982,213.99450310016982,0.019166599959135056,215.56164840003476,[np.float64(0.22569444444444445)],[np.float64(-0.05324074074074074)],[1],[0],[0],[1.5766110001131892],['Target'],076066,001,2025-09-30_19h20.47.043,Visual search,,2025.1.1,119.34897530969072,2025-09-30 19h20.48.164471 +0530,
84,0,84,[np.float64(0.07407407407407407)],[np.float64(0.12152777777777778)],[1],[0],[0],[2.063754600007087],['Target'],84,0,84,0,215.5880146001,,10,215.57979310001247,215.5880146001,215.5880146001,0.018036800203844905,217.64365770015866,[np.float64(0.07407407407407407)],[np.float64(0.12152777777777778)],[1],[0],[0],[2.063754600007087],['Target'],076066,001,2025-09-30_19h20.47.043,Visual search,,2025.1.1,119.34897530969072,2025-09-30 19h20.48.164471 +0530,
85,0,85,[np.float64(-0.16666666666666666)],[np.float64(0.45023148148148145)],[1],[0],[0],[1.3676231999415904],['Target'],85,0,85,0,217.66311840014532,,5,217.65691300015897,217.66311840014532,217.66311840014532,0.01302640000358224,219.0246541001834,[np.float64(-0.16666666666666666)],[np.float64(0.45023148148148145)],[1],[0],[0],[1.3676231999415904],['Target'],076066,001,2025-09-30_19h20.47.043,Visual search,,2025.1.1,119.34897530969072,2025-09-30 19h20.48.164471 +0530,
86,0,86,[np.float64(0.5115740740740741)],[np.float64(-0.19212962962962962)],[1],[0],[0],[3.466010499978438],[None],86,0,86,0,219.0510858001653,,5,219.04346329998225,219.0510858001653,219.0510858001653,0.01860009995289147,222.509579700185,[np.float64(0.5115740740740741)],[np.float64(-0.19212962962962962)],[1],[0],[0],[3.466010499978438],[None],076066,001,2025-09-30_19h20.47.043,Visual search,,2025.1.1,119.34897530969072,2025-09-30 19h20.48.164471 +0530,
87,0,87,[np.float64(-0.1909722222222222)],[np.float64(0.4201388888888889)],[1],[0],[0],[1.493189400061965],['Target'],87,0,87,0,222.54196090018377,,5,222.5310524001252,222.54196090018377,222.54196090018377,0.021291400073096156,224.02435329998843,[np.float64(-0.1909722222222222)],[np.float64(0.4201388888888889)],[1],[0],[0],[1.493189400061965],['Target'],076066,001,2025-09-30_19h20.47.043,Visual search,,2025.1.1,119.34897530969072,2025-09-30 19h20.48.164471 +0530,
88,0,88,[np.float64(0.41898148148148145)],[np.float64(0.38657407407407407)],[1],[0],[0],[1.419961400097236],['Target'],88,0,88,0,224.05875610001385,,10,224.049676500028,224.05875610001385,224.05875610001385,0.025096400175243616,225.46973280003294,[np.float64(0.41898148148148145)],[np.float64(0.38657407407407407)],[1],[0],[0],[1.419961400097236],['Target'],076066,001,2025-09-30_19h20.47.043,Visual search,,2025.1.1,119.34897530969072,2025-09-30 19h20.48.164471 +0530,
89,0,89,[np.float64(0.2013888888888889)],[np.float64(0.017361111111111112)],[1],[0],[0],[2.177018699934706],['Target'],89,0,89,0,225.4883594000712,,5,225.48195370007306,225.4883594000712,225.4883594000712,0.012029299978166819,227.65908380015753,[np.float64(0.2013888888888889)],[np.float64(0.017361111111111112)],[1],[0],[0],[2.177018699934706],['Target'],076066,001,2025-09-30_19h20.47.043,Visual search,,2025.1.1,119.34897530969072,2025-09-30 19h20.48.164471 +0530,
90,0,90,[np.float64(0.05787037037037037)],[np.float64(-0.33564814814814814)],[1],[0],[0],[1.8681358001194894],['Target'],90,0,90,0,227.68486330006272,,5,227.6782250001561,227.68486330006272,227.68486330006272,0.018952999962493777,229.5464686001651,[np.float64(0.05787037037037037)],[np.float64(-0.33564814814814814)],[1],[0],[0],[1.8681358001194894],['Target'],076066,001,2025-09-30_19h20.47.043,Visual search,,2025.1.1,119.34897530969072,2025-09-30 19h20.48.164471 +0530,
91,0,91,[np.float64(0.31828703703703703)],[np.float64(-0.4513888888888889)],[1],[0],[0],[1.9528432998340577],['Target'],91,0,91,0,229.58119729999453,,10,229.57397290016524,229.58119729999453,229.58119729999453,0.027294199913740158,231.52693510008976,[np.float64(0.31828703703703703)],[np.float64(-0.4513888888888889)],[1],[0],[0],[1.9528432998340577],['Target'],076066,001,2025-09-30_19h20.47.043,Visual search,,2025.1.1,119.34897530969072,2025-09-30 19h20.48.164471 +0530,
92,0,92,[np.float64(-0.4513888888888889)],[np.float64(-0.2673611111111111)],[1],[0],[0],[4.10299629997462],['Target'],92,0,92,0,231.54633440007456,,5,231.54136760020629,231.54633440007456,231.54633440007456,0.014181899838149548,235.64445720007643,[np.float64(-0.4513888888888889)],[np.float64(-0.2673611111111111)],[1],[0],[0],[4.10299629997462],['Target'],076066,001,2025-09-30_19h20.47.043,Visual search,,2025.1.1,119.34897530969072,2025-09-30 19h20.48.164471 +0530,
93,0,93,[np.float64(-0.24074074074074073)],[np.float64(0.25462962962962965)],[1],[0],[0],[1.4294155000243336],['Target'],93,0,93,0,235.66916930000298,,5,235.66247069998644,235.66916930000298,235.66916930000298,0.017863699933514,237.09197890013456,[np.float64(-0.24074074074074073)],[np.float64(0.25462962962962965)],[1],[0],[0],[1.4294155000243336],['Target'],076066,001,2025-09-30_19h20.47.043,Visual search,,2025.1.1,119.34897530969072,2025-09-30 19h20.48.164471 +0530,
94,0,94,[np.float64(-0.07523148148148148)],[np.float64(0.38078703703703703)],[1],[0],[0],[1.49512519990094],['Target'],94,0,94,0,237.11913200002164,,5,237.11152190016583,237.11913200002164,237.11913200002164,0.019378699827939272,238.6067518000491,[np.float64(-0.07523148148148148)],[np.float64(0.38078703703703703)],[1],[0],[0],[1.49512519990094],['Target'],076066,001,2025-09-30_19h20.47.043,Visual search,,2025.1.1,119.34897530969072,2025-09-30 19h20.48.164471 +0530,
95,0,95,[np.float64(-0.0023148148148148147)],[np.float64(-0.22453703703703703)],[1],[0],[0],[2.3255706999916583],['Target'],95,0,95,0,238.63453560019843,,5,238.6251930000726,238.63453560019843,238.63453560019843,0.018263400066643953,240.95085380016826,[np.float64(-0.0023148148148148147)],[np.float64(-0.22453703703703703)],[1],[0],[0],[2.3255706999916583],['Target'],076066,001,2025-09-30_19h20.47.043,Visual search,,2025.1.1,119.34897530969072,2025-09-30 19h20.48.164471 +0530,
96,0,96,[np.float64(-0.3958333333333333)],[np.float64(0.3993055555555556)],[1],[0],[0],[1.634050500113517],['Target'],96,0,96,0,240.97235579998232,,5,240.96569750015624,240.97235579998232,240.97235579998232,0.014676900114864111,242.59987969999202,[np.float64(-0.3958333333333333)],[np.float64(0.3993055555555556)],[1],[0],[0],[1.634050500113517],['Target'],076066,001,2025-09-30_19h20.47.043,Visual search,,2025.1.1,119.34897530969072,2025-09-30 19h20.48.164471 +0530,
97,0,97,[np.float64(0.21875)],[np.float64(0.4050925925925926)],[1],[0],[0],[1.697041700128466],['Target'],97,0,97,0,242.63339610002004,,10,242.62455529998988,242.63339610002004,242.63339610002004,0.02447439986281097,244.32171760010533,[np.float64(0.21875)],[np.float64(0.4050925925925926)],[1],[0],[0],[1.697041700128466],['Target'],076066,001,2025-09-30_19h20.47.043,Visual search,,2025.1.1,119.34897530969072,2025-09-30 19h20.48.164471 +0530,
98,0,98,[np.float64(-0.4849537037037037)],[np.float64(0.2569444444444444)],[1],[0],[0],[1.3760935000609607],['Target'],98,0,98,0,244.36965030012652,,10,244.3580077001825,244.36965030012652,244.36965030012652,0.036052800016477704,245.73417280009016,[np.float64(-0.4849537037037037)],[np.float64(0.2569444444444444)],[1],[0],[0],[1.3760935000609607],['Target'],076066,001,2025-09-30_19h20.47.043,Visual search,,2025.1.1,119.34897530969072,2025-09-30 19h20.48.164471 +0530,
99,0,99,[np.float64(0.24537037037037038)],[np.float64(0.16435185185185186)],[1],[0],[0],[1.4292522000614554],['Target'],99,0,99,0,245.76092550018802,,10,245.75264740013517,245.76092550018802,245.76092550018802,0.01831419998779893,247.18199160019867,[np.float64(0.24537037037037038)],[np.float64(0.16435185185185186)],[1],[0],[0],[1.4292522000614554],['Target'],076066,001,2025-09-30_19h20.47.043,Visual search,,2025.1.1,119.34897530969072,2025-09-30 19h20.48.164471 +0530,
100,0,100,[np.float64(-0.20601851851851852)],[np.float64(0.003472222222222222)],[1],[0],[0],[2.701866500079632],['Target'],100,0,100,0,247.22906860010698,,10,247.2167656000238,247.22906860010698,247.22906860010698,0.03460759995505214,249.91866490012035,[np.float64(-0.20601851851851852)],[np.float64(0.003472222222222222)],[1],[0],[0],[2.701866500079632],['Target'],076066,001,2025-09-30_19h20.47.043,Visual search,,2025.1.1,119.34897530969072,2025-09-30 19h20.48.164471 +0530,
101,0,101,[np.float64(0.09837962962962964)],[np.float64(0.07060185185185185)],[1],[0],[0],[2.1762315998785198],['Target'],101,0,101,0,249.9461689000018,,5,249.93984630005434,249.9461689000018,249.9461689000018,0.02108480012975633,252.11617669998668,[np.float64(0.09837962962962964)],[np.float64(0.07060185185185185)],[1],[0],[0],[2.1762315998785198],['Target'],076066,001,2025-09-30_19h20.47.043,Visual search,,2025.1.1,119.34897530969072,2025-09-30 19h20.48.164471 +0530,
102,0,102,[np.float64(0.06712962962962964)],[np.float64(-0.3738425925925926)],[1],[0],[0],[2.4629969999659806],['Target'],102,0,102,0,252.13793980004266,,5,252.13203640002757,252.13793980004266,252.13793980004266,0.015662800054997206,254.59514570003375,[np.float64(0.06712962962962964)],[np.float64(-0.3738425925925926)],[1],[0],[0],[2.4629969999659806],['Target'],076066,001,2025-09-30_19h20.47.043,Visual search,,2025.1.1,119.34897530969072,2025-09-30 19h20.48.164471 +0530,
103,0,103,[np.float64(0.061342592592592594)],[np.float64(0.10648148148148148)],[1],[0],[0],[1.3266163000371307],['Target'],103,0,103,0,254.63336290000007,,10,254.62497590016574,254.63336290000007,254.63336290000007,0.02963070012629032,255.95171040017158,[np.float64(0.061342592592592594)],[np.float64(0.10648148148148148)],[1],[0],[0],[1.3266163000371307],['Target'],076066,001,2025-09-30_19h20.47.043,Visual search,,2025.1.1,119.34897530969072,2025-09-30 19h20.48.164471 +0530,
104,0,104,[np.float64(0.22685185185185186)],[np.float64(0.3125)],[1],[0],[0],[1.283983000088483],['Target'],104,0,104,0,255.97814590018243,,5,255.97165650012903,255.97814590018243,255.97814590018243,0.019730799831449986,257.25572030013427,[np.float64(0.22685185185185186)],[np.float64(0.3125)],[1],[0],[0],[1.283983000088483],['Target'],076066,001,2025-09-30_19h20.47.043,Visual search,,2025.1.1,119.34897530969072,2025-09-30 19h20.48.164471 +0530,
105,0,105,[np.float64(0.17708333333333334)],[np.float64(0.19907407407407407)],[1],[0],[0],[2.29058160004206],['Target'],105,0,105,0,257.2767736001406,,5,257.2692289000843,257.2767736001406,257.2767736001406,0.01337020006030798,259.55993640003726,[np.float64(0.17708333333333334)],[np.float64(0.19907407407407407)],[1],[0],[0],[2.29058160004206],['Target'],076066,001,2025-09-30_19h20.47.043,Visual search,,2025.1.1,119.34897530969072,2025-09-30 19h20.48.164471 +0530,
106,0,106,[np.float64(-0.020833333333333332)],[np.float64(0.21180555555555555)],[1],[0],[0],[1.229237699881196],['Target'],106,0,106,0,259.5872462000698,,5,259.5796908000484,259.5872462000698,259.5872462000698,0.0195528999902308,260.8091345001012,[np.float64(-0.020833333333333332)],[np.float64(0.21180555555555555)],[1],[0],[0],[1.229237699881196],['Target'],076066,001,2025-09-30_19h20.47.043,Visual search,,2025.1.1,119.34897530969072,2025-09-30 19h20.48.164471 +0530,
107,0,107,[np.float64(0.16898148148148148)],[np.float64(0.3263888888888889)],[1],[0],[0],[1.2080228000413626],['Target'],107,0,107,0,260.8407551001292,,10,260.8315247001592,260.8407551001292,260.8407551001292,0.022152000106871128,262.0396669001784,[np.float64(0.16898148148148148)],[np.float64(0.3263888888888889)],[1],[0],[0],[1.2080228000413626],['Target'],076066,001,2025-09-30_19h20.47.043,Visual search,,2025.1.1,119.34897530969072,2025-09-30 19h20.48.164471 +0530,
108,0,108,[np.float64(-0.23148148148148148)],[np.float64(-0.04861111111111111)],[1],[0],[0],[2.4615422000642866],[None],108,0,108,0,262.07449680007994,,10,262.065064500086,262.07449680007994,262.07449680007994,0.025159799959510565,264.5267159000505,[np.float64(-0.23148148148148148)],[np.float64(-0.04861111111111111)],[1],[0],[0],[2.4615422000642866],[None],076066,001,2025-09-30_19h20.47.043,Visual search,,2025.1.1,119.34897530969072,2025-09-30 19h20.48.164471 +0530,
109,0,109,[np.float64(-0.2847222222222222)],[np.float64(0.24305555555555555)],[1],[0],[0],[1.16664810013026],['Target'],109,0,109,0,264.5477263000794,,5,264.54160700016655,264.5477263000794,264.5477263000794,0.014665199909359217,265.7083619001787,[np.float64(-0.2847222222222222)],[np.float64(0.24305555555555555)],[1],[0],[0],[1.16664810013026],['Target'],076066,001,2025-09-30_19h20.47.043,Visual search,,2025.1.1,119.34897530969072,2025-09-30 19h20.48.164471 +0530,
110,0,110,[np.float64(-0.4837962962962963)],[np.float64(-0.15393518518518517)],[1],[0],[0],[1.807309100171551],['Target'],110,0,110,0,265.74593840003945,,10,265.7379080001265,265.74593840003945,265.74593840003945,0.029363200068473816,267.54530860017985,[np.float64(-0.4837962962962963)],[np.float64(-0.15393518518518517)],[1],[0],[0],[1.807309100171551],['Target'],076066,001,2025-09-30_19h20.47.043,Visual search,,2025.1.1,119.34897530969072,2025-09-30 19h20.48.164471 +0530,
111,0,111,[np.float64(0.14583333333333334)],[np.float64(0.27546296296296297)],[1],[0],[0],[1.874866400146857],['Target'],111,0,111,0,267.56586150010116,,5,267.56042100000195,267.56586150010116,267.56586150010116,0.014926099916920066,269.4354046001099,[np.float64(0.14583333333333334)],[np.float64(0.27546296296296297)],[1],[0],[0],[1.874866400146857],['Target'],076066,001,2025-09-30_19h20.47.043,Visual search,,2025.1.1,119.34897530969072,2025-09-30 19h20.48.164471 +0530,
112,0,112,[np.float64(-0.41550925925925924)],[np.float64(0.1701388888888889)],[1],[0],[0],[4.228530199965462],['Target'],112,0,112,0,269.4556028000079,,5,269.44951100018807,269.4556028000079,269.4556028000079,0.013917499920353293,273.67817130009644,[np.float64(-0.41550925925925924)],[np.float64(0.1701388888888889)],[1],[0],[0],[4.228530199965462],['Target'],076066,001,2025-09-30_19h20.47.043,Visual search,,2025.1.1,119.34897530969072,2025-09-30 19h20.48.164471 +0530,
113,0,113,[np.float64(-0.1076388888888889)],[np.float64(0.4212962962962963)],[1],[0],[0],[2.3943572998978198],['Target'],113,0,113,0,273.7016513000708,,5,273.69577740016393,273.7016513000708,273.7016513000708,0.017373800044879317,276.09024110017344,[np.float64(-0.1076388888888889)],[np.float64(0.4212962962962963)],[1],[0],[0],[2.3943572998978198],['Target'],076066,001,2025-09-30_19h20.47.043,Visual search,,2025.1.1,119.34897530969072,2025-09-30 19h20.48.164471 +0530,
114,0,114,[np.float64(0.4791666666666667)],[np.float64(0.16203703703703703)],[1],[0],[0],[1.6154088000766933],['Target'],114,0,114,0,276.10899710003287,,5,276.10392939997837,276.10899710003287,276.10899710003287,0.013499600114300847,277.71963579999283,[np.float64(0.4791666666666667)],[np.float64(0.16203703703703703)],[1],[0],[0],[1.6154088000766933],['Target'],076066,001,2025-09-30_19h20.47.043,Visual search,,2025.1.1,119.34897530969072,2025-09-30 19h20.48.164471 +0530,
115,0,115,[np.float64(0.06481481481481481)],[np.float64(-0.40046296296296297)],[1],[0],[0],[1.847921600099653],['Target'],115,0,115,0,277.74171810015105,,5,277.7361276000738,277.74171810015105,277.74171810015105,0.01618209993466735,279.5841727000661,[np.float64(0.06481481481481481)],[np.float64(-0.40046296296296297)],[1],[0],[0],[1.847921600099653],['Target'],076066,001,2025-09-30_19h20.47.043,Visual search,,2025.1.1,119.34897530969072,2025-09-30 19h20.48.164471 +0530,
116,0,116,[np.float64(-0.3726851851851852)],[np.float64(-0.20601851851851852)],[1],[0],[0],[2.434247200144455],['Target'],116,0,116,0,279.6102837000508,,5,279.6033050001133,279.6102837000508,279.6102837000508,0.018910400103777647,282.037667500088,[np.float64(-0.3726851851851852)],[np.float64(-0.20601851851851852)],[1],[0],[0],[2.434247200144455],['Target'],076066,001,2025-09-30_19h20.47.043,Visual search,,2025.1.1,119.34897530969072,2025-09-30 19h20.48.164471 +0530,
117,0,117,[np.float64(-0.4085648148148148)],[np.float64(-0.04513888888888889)],[1],[0],[0],[1.2231000999454409],['Target'],117,0,117,0,282.06057190010324,,5,282.0543321000878,282.06057190010324,282.06057190010324,0.016458400059491396,283.2775360001251,[np.float64(-0.4085648148148148)],[np.float64(-0.04513888888888889)],[1],[0],[0],[1.2231000999454409],['Target'],076066,001,2025-09-30_19h20.47.043,Visual search,,2025.1.1,119.34897530969072,2025-09-30 19h20.48.164471 +0530,
118,0,118,[np.float64(0.29976851851851855)],[np.float64(-0.020833333333333332)],[1],[0],[0],[1.8931420999579132],['Target'],118,0,118,0,283.31343420012854,,10,283.3042663000524,283.31343420012854,283.31343420012854,0.02654160000383854,285.19753050012514,[np.float64(0.29976851851851855)],[np.float64(-0.020833333333333332)],[1],[0],[0],[1.8931420999579132],['Target'],076066,001,2025-09-30_19h20.47.043,Visual search,,2025.1.1,119.34897530969072,2025-09-30 19h20.48.164471 +0530,
119,0,119,[np.float64(0.4212962962962963)],[np.float64(0.16203703703703703)],[1],[0],[0],[1.2795161998365074],['Target'],119,0,119,0,285.22441160003655,,5,285.2161879001651,285.22441160003655,285.22441160003655,0.01842860016040504,286.4958240000997,[np.float64(0.4212962962962963)],[np.float64(0.16203703703703703)],[1],[0],[0],[1.2795161998365074],['Target'],076066,001,2025-09-30_19h20.47.043,Visual search,,2025.1.1,119.34897530969072,2025-09-30 19h20.48.164471 +0530,
120,0,120,[np.float64(-0.03935185185185185)],[np.float64(0.2222222222222222)],[1],[0],[0],[1.6873983999248594],['Target'],120,0,120,0,286.5248178001493,,5,286.51469120010734,286.5248178001493,286.5248178001493,0.018672600155696273,288.20220739999786,[np.float64(-0.03935185185185185)],[np.float64(0.2222222222222222)],[1],[0],[0],[1.6873983999248594],['Target'],076066,001,2025-09-30_19h20.47.043,Visual search,,2025.1.1,119.34897530969072,2025-09-30 19h20.48.164471 +0530,
121,0,121,[np.float64(-0.024305555555555556)],[np.float64(0.41203703703703703)],[1],[0],[0],[1.4117799000814557],['Target'],121,0,121,0,288.23539170017466,,10,288.22695700009353,288.23539170017466,288.23539170017466,0.024532899959012866,289.63882650015876,[np.float64(-0.024305555555555556)],[np.float64(0.41203703703703703)],[1],[0],[0],[1.4117799000814557],['Target'],076066,001,2025-09-30_19h20.47.043,Visual search,,2025.1.1,119.34897530969072,2025-09-30 19h20.48.164471 +0530,
122,0,122,[np.float64(0.06365740740740741)],[np.float64(0.5)],[1],[0],[0],[1.7649795999750495],['Target'],122,0,122,0,289.6655447999947,,5,289.65579140000045,289.6655447999947,289.6655447999947,0.016816899878904223,291.4208696000278,[np.float64(0.06365740740740741)],[np.float64(0.5)],[1],[0],[0],[1.7649795999750495],['Target'],076066,001,2025-09-30_19h20.47.043,Visual search,,2025.1.1,119.34897530969072,2025-09-30 19h20.48.164471 +0530,
123,0,123,[np.float64(0.3472222222222222)],[np.float64(-0.3726851851851852)],[1],[0],[0],[1.924689400009811],['Target'],123,0,123,0,291.43988870014437,,5,291.4336145000998,291.43988870014437,291.43988870014437,0.012554100016131997,293.358400600031,[np.float64(0.3472222222222222)],[np.float64(-0.3726851851851852)],[1],[0],[0],[1.924689400009811],['Target'],076066,001,2025-09-30_19h20.47.043,Visual search,,2025.1.1,119.34897530969072,2025-09-30 19h20.48.164471 +0530,
124,0,124,[np.float64(0.23842592592592593)],[np.float64(-0.4444444444444444)],[1],[0],[0],[1.5535122000146657],['Target'],124,0,124,0,293.3754271999933,,5,293.37021630001254,293.3754271999933,293.3754271999933,0.011652600020170212,294.92384720011614,[np.float64(0.23842592592592593)],[np.float64(-0.4444444444444444)],[1],[0],[0],[1.5535122000146657],['Target'],076066,001,2025-09-30_19h20.47.043,Visual search,,2025.1.1,119.34897530969072,2025-09-30 19h20.48.164471 +0530,
125,0,125,[np.float64(0.24768518518518517)],[np.float64(-0.02199074074074074)],[1],[0],[0],[1.6365710000973195],['Target'],125,0,125,0,294.96785650006495,,10,294.9594113000203,294.96785650006495,294.96785650006495,0.03535829996690154,296.5960770000238,[np.float64(0.24768518518518517)],[np.float64(-0.02199074074074074)],[1],[0],[0],[1.6365710000973195],['Target'],076066,001,2025-09-30_19h20.47.043,Visual search,,2025.1.1,119.34897530969072,2025-09-30 19h20.48.164471 +0530,
126,0,126,[np.float64(-0.16319444444444445)],[np.float64(0.2511574074074074)],[1],[0],[0],[2.40219709998928],['Target'],126,0,126,0,296.623053900199,,5,296.6145113001112,296.623053900199,296.623053900199,0.01826080004684627,299.0168010999914,[np.float64(-0.16319444444444445)],[np.float64(0.2511574074074074)],[1],[0],[0],[2.40219709998928],['Target'],076066,001,2025-09-30_19h20.47.043,Visual search,,2025.1.1,119.34897530969072,2025-09-30 19h20.48.164471 +0530,
127,0,127,[np.float64(0.21412037037037038)],[np.float64(0.26967592592592593)],[1],[0],[0],[2.4138512001372874],['Target'],127,0,127,0,299.0553274000995,,10,299.04763859999366,299.0553274000995,299.0553274000995,0.03064849996007979,301.4616076000966,[np.float64(0.21412037037037038)],[np.float64(0.26967592592592593)],[1],[0],[0],[2.4138512001372874],['Target'],076066,001,2025-09-30_19h20.47.043,Visual search,,2025.1.1,119.34897530969072,2025-09-30 19h20.48.164471 +0530,
128,0,128,[np.float64(-0.4375)],[np.float64(-0.1099537037037037)],[1],[0],[0],[1.8858070999849588],[None],128,0,128,0,301.4890189000871,,5,301.4808297001291,301.4890189000871,301.4890189000871,0.019001000095158815,303.3667312001344,[np.float64(-0.4375)],[np.float64(-0.1099537037037037)],[1],[0],[0],[1.8858070999849588],[None],076066,001,2025-09-30_19h20.47.043,Visual search,,2025.1.1,119.34897530969072,2025-09-30 19h20.48.164471 +0530,
129,0,129,[np.float64(0.32407407407407407)],[np.float64(-0.18055555555555555)],[1],[0],[0],[3.07946479995735],['Target'],129,0,129,0,303.39906010008417,,10,303.39041850017384,303.39906010008417,303.39906010008417,0.023501799907535315,306.46999150002375,[np.float64(0.32407407407407407)],[np.float64(-0.18055555555555555)],[1],[0],[0],[3.07946479995735],['Target'],076066,001,2025-09-30_19h20.47.043,Visual search,,2025.1.1,119.34897530969072,2025-09-30 19h20.48.164471 +0530,
130,0,130,[np.float64(0.06597222222222222)],[np.float64(-0.3726851851851852)],[1],[0],[0],[3.138031499926001],['Target'],130,0,130,0,306.4984193001874,,10,306.49111260008067,306.4984193001874,306.4984193001874,0.02089489996433258,309.62924819998443,[np.float64(0.06597222222222222)],[np.float64(-0.3726851851851852)],[1],[0],[0],[3.138031499926001],['Target'],076066,001,2025-09-30_19h20.47.043,Visual search,,2025.1.1,119.34897530969072,2025-09-30 19h20.48.164471 +0530,
131,0,131,[np.float64(-0.4351851851851852)],[np.float64(-0.46064814814814814)],[1],[0],[0],[2.064336400013417],['Target'],131,0,131,0,309.65452860016376,,5,309.6461289001163,309.65452860016376,309.65452860016376,0.016687500057742,311.71058430010453,[np.float64(-0.4351851851851852)],[np.float64(-0.46064814814814814)],[1],[0],[0],[2.064336400013417],['Target'],076066,001,2025-09-30_19h20.47.043,Visual search,,2025.1.1,119.34897530969072,2025-09-30 19h20.48.164471 +0530,
132,0,132,[np.float64(-0.38657407407407407)],[np.float64(-0.33101851851851855)],[1],[0],[0],[1.9388429000973701],['Target'],132,0,132,0,311.7417505001649,,10,311.7330092000775,311.7417505001649,311.7417505001649,0.022197499871253967,313.6719314001966,[np.float64(-0.38657407407407407)],[np.float64(-0.33101851851851855)],[1],[0],[0],[1.9388429000973701],['Target'],076066,001,2025-09-30_19h20.47.043,Visual search,,2025.1.1,119.34897530969072,2025-09-30 19h20.48.164471 +0530,
133,0,133,[np.float64(0.18287037037037038)],[np.float64(-0.1111111111111111)],[1],[0],[0],[2.312172899954021],['Target'],133,0,133,0,313.6873285002075,,5,313.6822785001714,313.6873285002075,313.6873285002075,0.010195199865847826,315.99456920009106,[np.float64(0.18287037037037038)],[np.float64(-0.1111111111111111)],[1],[0],[0],[2.312172899954021],['Target'],076066,001,2025-09-30_19h20.47.043,Visual search,,2025.1.1,119.34897530969072,2025-09-30 19h20.48.164471 +0530,
134,0,134,[np.float64(0.2662037037037037)],[np.float64(0.041666666666666664)],[1],[0],[0],[1.5763262000400573],['Target'],134,0,134,0,316.0286625002045,,10,316.0209762000013,316.0286625002045,316.0286625002045,0.026185799855738878,317.597371699987,[np.float64(0.2662037037037037)],[np.float64(0.041666666666666664)],[1],[0],[0],[1.5763262000400573],['Target'],076066,001,2025-09-30_19h20.47.043,Visual search,,2025.1.1,119.34897530969072,2025-09-30 19h20.48.164471 +0530,
135,0,135,[np.float64(-0.32175925925925924)],[np.float64(-0.33564814814814814)],[1],[0],[0],[2.7188641999382526],['Target'],135,0,135,0,317.61660420009866,,5,317.6094500001054,317.61660420009866,317.61660420009866,0.011939399875700474,320.32842380017973,[np.float64(-0.32175925925925924)],[np.float64(-0.33564814814814814)],[1],[0],[0],[2.7188641999382526],['Target'],076066,001,2025-09-30_19h20.47.043,Visual search,,2025.1.1,119.34897530969072,2025-09-30 19h20.48.164471 +0530,
136,0,136,[np.float64(0.1550925925925926)],[np.float64(-0.3263888888888889)],[1],[0],[0],[1.3127865998540074],['Target'],136,0,136,0,320.369302400155,,10,320.3615721000824,320.369302400155,320.369302400155,0.03294229996390641,321.6744745001197,[np.float64(0.1550925925925926)],[np.float64(-0.3263888888888889)],[1],[0],[0],[1.3127865998540074],['Target'],076066,001,2025-09-30_19h20.47.043,Visual search,,2025.1.1,119.34897530969072,2025-09-30 19h20.48.164471 +0530,
137,0,137,[np.float64(-0.12962962962962962)],[np.float64(-0.19560185185185186)],[1],[0],[0],[1.2482414001133293],['Target'],137,0,137,0,321.69663010002114,,5,321.69090010016225,321.69663010002114,321.69663010002114,0.016183099942281842,322.9392244000919,[np.float64(-0.12962962962962962)],[np.float64(-0.19560185185185186)],[1],[0],[0],[1.2482414001133293],['Target'],076066,001,2025-09-30_19h20.47.043,Visual search,,2025.1.1,119.34897530969072,2025-09-30 19h20.48.164471 +0530,
138,0,138,[np.float64(-0.44212962962962965)],[np.float64(-0.1284722222222222)],[1],[0],[0],[2.760915899882093],['Target'],138,0,138,0,322.9732354001608,,10,322.96532279998064,322.9732354001608,322.9732354001608,0.025954100070521235,325.7263543000445,[np.float64(-0.44212962962962965)],[np.float64(-0.1284722222222222)],[1],[0],[0],[2.760915899882093],['Target'],076066,001,2025-09-30_19h20.47.043,Visual search,,2025.1.1,119.34897530969072,2025-09-30 19h20.48.164471 +0530,
139,0,139,[np.float64(-0.0625)],[np.float64(-0.2662037037037037)],[1],[0],[0],[3.667836899869144],['Target'],139,0,139,0,325.77259970013984,,10,325.76025890000165,325.77259970013984,325.77259970013984,0.033694599987939,329.42819790006615,[np.float64(-0.0625)],[np.float64(-0.2662037037037037)],[1],[0],[0],[3.667836899869144],['Target'],076066,001,2025-09-30_19h20.47.043,Visual search,,2025.1.1,119.34897530969072,2025-09-30 19h20.48.164471 +0530,
140,0,140,[np.float64(0.33564814814814814)],[np.float64(-0.21296296296296297)],[1],[0],[0],[1.626559800002724],['Target'],140,0,140,0,329.44660060014576,,5,329.4410676001571,329.44660060014576,329.44660060014576,0.01264509977772832,331.06774560012855,[np.float64(0.33564814814814814)],[np.float64(-0.21296296296296297)],[1],[0],[0],[1.626559800002724],['Target'],076066,001,2025-09-30_19h20.47.043,Visual search,,2025.1.1,119.34897530969072,2025-09-30 19h20.48.164471 +0530,
141,0,141,[np.float64(-0.21296296296296297)],[np.float64(0.3506944444444444)],[1],[0],[0],[2.723047300009057],['Target'],141,0,141,0,331.1107295001857,,10,331.09567510010675,331.1107295001857,331.1107295001857,0.027749799890443683,333.81880220002495,[np.float64(-0.21296296296296297)],[np.float64(0.3506944444444444)],[1],[0],[0],[2.723047300009057],['Target'],076066,001,2025-09-30_19h20.47.043,Visual search,,2025.1.1,119.34897530969072,2025-09-30 19h20.48.164471 +0530,
142,0,142,[np.float64(-0.09027777777777778)],[np.float64(-0.08912037037037036)],[1],[0],[0],[1.4548349000979215],['Target'],142,0,142,0,333.8624585000798,,10,333.8528241000604,333.8624585000798,333.8624585000798,0.033827400067821145,335.3077548001893,[np.float64(-0.09027777777777778)],[np.float64(-0.08912037037037036)],[1],[0],[0],[1.4548349000979215],['Target'],076066,001,2025-09-30_19h20.47.043,Visual search,,2025.1.1,119.34897530969072,2025-09-30 19h20.48.164471 +0530,
143,0,143,[np.float64(0.46296296296296297)],[np.float64(0.44560185185185186)],[1],[0],[0],[2.2455545000266284],['Target'],143,0,143,0,335.3342713001184,,10,335.3262172001414,335.3342713001184,335.3342713001184,0.01830400014296174,337.57188260019757,[np.float64(0.46296296296296297)],[np.float64(0.44560185185185186)],[1],[0],[0],[2.2455545000266284],['Target'],076066,001,2025-09-30_19h20.47.043,Visual search,,2025.1.1,119.34897530969072,2025-09-30 19h20.48.164471 +0530,
144,0,144,[np.float64(0.18981481481481483)],[np.float64(-0.06481481481481481)],[1],[0],[0],[1.429824799997732],['Target'],144,0,144,0,337.594877500087,,5,337.5888316000346,337.594877500087,337.594877500087,0.01672849990427494,339.0187512000557,[np.float64(0.18981481481481483)],[np.float64(-0.06481481481481481)],[1],[0],[0],[1.429824799997732],['Target'],076066,001,2025-09-30_19h20.47.043,Visual search,,2025.1.1,119.34897530969072,2025-09-30 19h20.48.164471 +0530,
145,0,145,[np.float64(-0.42939814814814814)],[np.float64(-0.2986111111111111)],[1],[0],[0],[2.199421500088647],['Target'],145,0,145,0,339.06345120002516,,10,339.0492432001047,339.06345120002516,339.06345120002516,0.03031060006469488,341.2487490000203,[np.float64(-0.42939814814814814)],[np.float64(-0.2986111111111111)],[1],[0],[0],[2.199421500088647],['Target'],076066,001,2025-09-30_19h20.47.043,Visual search,,2025.1.1,119.34897530969072,2025-09-30 19h20.48.164471 +0530,
146,0,146,[np.float64(0.06712962962962964)],[np.float64(0.5)],[1],[0],[0],[4.529682599939406],['Target'],146,0,146,0,341.2770155000035,,10,341.2677463002037,341.2770155000035,341.2770155000035,0.018826300045475364,345.7975182000082,[np.float64(0.06712962962962964)],[np.float64(0.5)],[1],[0],[0],[4.529682599939406],['Target'],076066,001,2025-09-30_19h20.47.043,Visual search,,2025.1.1,119.34897530969072,2025-09-30 19h20.48.164471 +0530,
147,0,147,[np.float64(0.3449074074074074)],[np.float64(-0.19791666666666666)],[1],[0],[0],[1.6484902000520378],['Target'],147,0,147,0,345.82868250017054,,10,345.8215665000025,345.82868250017054,345.82868250017054,0.02388530015014112,347.47017940017395,[np.float64(0.3449074074074074)],[np.float64(-0.19791666666666666)],[1],[0],[0],[1.6484902000520378],['Target'],076066,001,2025-09-30_19h20.47.043,Visual search,,2025.1.1,119.34897530969072,2025-09-30 19h20.48.164471 +0530,
148,0,148,[np.float64(0.20601851851851852)],[np.float64(-0.4583333333333333)],[1],[0],[0],[1.6500498000532389],['Target'],148,0,148,0,347.49250410008244,,5,347.48661450017244,347.49250410008244,347.49250410008244,0.016193700022995472,349.1367806000635,[np.float64(0.20601851851851852)],[np.float64(-0.4583333333333333)],[1],[0],[0],[1.6500498000532389],['Target'],076066,001,2025-09-30_19h20.47.043,Visual search,,2025.1.1,119.34897530969072,2025-09-30 19h20.48.164471 +0530,
149,0,149,[np.float64(-0.42476851851851855)],[np.float64(-0.4652777777777778)],[1],[0],[0],[1.661629999987781],['Target'],149,0,149,0,349.15921850013547,,5,349.1526004001498,349.15921850013547,349.15921850013547,0.015615399926900864,350.8143476000987,[np.float64(-0.42476851851851855)],[np.float64(-0.4652777777777778)],[1],[0],[0],[1.661629999987781],['Target'],076066,001,2025-09-30_19h20.47.043,Visual search,,2025.1.1,119.34897530969072,2025-09-30 19h20.48.164471 +0530,
150,0,150,[np.float64(0.2650462962962963)],[np.float64(-0.1701388888888889)],[1],[0],[0],[1.30252579995431],['Target'],150,0,150,0,350.852935400093,,10,350.84389580017887,350.852935400093,350.852935400093,0.02934439992532134,352.1465273001231,[np.float64(0.2650462962962963)],[np.float64(-0.1701388888888889)],[1],[0],[0],[1.30252579995431],['Target'],076066,001,2025-09-30_19h20.47.043,Visual search,,2025.1.1,119.34897530969072,2025-09-30 19h20.48.164471 +0530,
151,0,151,[np.float64(-0.3275462962962963)],[np.float64(0.4166666666666667)],[1],[0],[0],[2.702106300042942],['Target'],151,0,151,0,352.1837969000917,,10,352.1726743001491,352.1837969000917,352.1837969000917,0.025939099956303835,354.8748930001166,[np.float64(-0.3275462962962963)],[np.float64(0.4166666666666667)],[1],[0],[0],[2.702106300042942],['Target'],076066,001,2025-09-30_19h20.47.043,Visual search,,2025.1.1,119.34897530969072,2025-09-30 19h20.48.164471 +0530,
152,0,152,[np.float64(-0.4652777777777778)],[np.float64(0.3611111111111111)],[1],[0],[0],[2.7311821000184864],['Target'],152,0,152,0,354.9140429000836,,10,354.9049005000852,354.9140429000836,354.9140429000836,0.02978460001759231,357.63619990018196,[np.float64(-0.4652777777777778)],[np.float64(0.3611111111111111)],[1],[0],[0],[2.7311821000184864],['Target'],076066,001,2025-09-30_19h20.47.043,Visual search,,2025.1.1,119.34897530969072,2025-09-30 19h20.48.164471 +0530,
153,0,153,[np.float64(-0.23842592592592593)],[np.float64(-0.09027777777777778)],[1],[0],[0],[3.1900651999749243],['Target'],153,0,153,0,357.65668150014244,,5,357.6510853001382,357.65668150014244,357.65668150014244,0.014634799910709262,360.84127390012145,[np.float64(-0.23842592592592593)],[np.float64(-0.09027777777777778)],[1],[0],[0],[3.1900651999749243],['Target'],076066,001,2025-09-30_19h20.47.043,Visual search,,2025.1.1,119.34897530969072,2025-09-30 19h20.48.164471 +0530,
154,0,154,[np.float64(0.2175925925925926)],[np.float64(-0.09027777777777778)],[1],[0],[0],[1.8728169000241905],['Target'],154,0,154,0,360.88026190013625,,10,360.8713905001059,360.88026190013625,360.88026190013625,0.02958800015039742,362.7443171001505,[np.float64(0.2175925925925926)],[np.float64(-0.09027777777777778)],[1],[0],[0],[1.8728169000241905],['Target'],076066,001,2025-09-30_19h20.47.043,Visual search,,2025.1.1,119.34897530969072,2025-09-30 19h20.48.164471 +0530,
155,0,155,[np.float64(-0.3148148148148148)],[np.float64(-0.35300925925925924)],[1],[0],[0],[1.9695672998204827],[None],155,0,155,0,362.7709214000497,,5,362.7634892000351,362.7709214000497,362.7709214000497,0.018965299939736724,364.7330936000217,[np.float64(-0.3148148148148148)],[np.float64(-0.35300925925925924)],[1],[0],[0],[1.9695672998204827],[None],076066,001,2025-09-30_19h20.47.043,Visual search,,2025.1.1,119.34897530969072,2025-09-30 19h20.48.164471 +0530,
156,0,156,[np.float64(0.16087962962962962)],[np.float64(-0.41435185185185186)],[1],[0],[0],[2.7645176998339593],['Target'],156,0,156,0,364.7615033001639,,10,364.75255040009506,364.7615033001639,364.7615033001639,0.01938059995882213,367.51712319999933,[np.float64(0.16087962962962962)],[np.float64(-0.41435185185185186)],[1],[0],[0],[2.7645176998339593],['Target'],076066,001,2025-09-30_19h20.47.043,Visual search,,2025.1.1,119.34897530969072,2025-09-30 19h20.48.164471 +0530,
157,0,157,[np.float64(-0.2743055555555556)],[np.float64(-0.08912037037037036)],[1],[0],[0],[1.7057880000211298],['Target'],157,0,157,0,367.5442094001919,,10,367.53466790006496,367.5442094001919,367.5442094001919,0.017428999999538064,369.24058330012485,[np.float64(-0.2743055555555556)],[np.float64(-0.08912037037037036)],[1],[0],[0],[1.7057880000211298],['Target'],076066,001,2025-09-30_19h20.47.043,Visual search,,2025.1.1,119.34897530969072,2025-09-30 19h20.48.164471 +0530,
158,0,158,[np.float64(-0.4861111111111111)],[np.float64(0.16435185185185186)],[1],[0],[0],[1.4539663000032306],['Target'],158,0,158,0,369.26784270000644,,5,369.25977090001106,369.26784270000644,369.26784270000644,0.018945899792015553,370.7138275001198,[np.float64(-0.4861111111111111)],[np.float64(0.16435185185185186)],[1],[0],[0],[1.4539663000032306],['Target'],076066,001,2025-09-30_19h20.47.043,Visual search,,2025.1.1,119.34897530969072,2025-09-30 19h20.48.164471 +0530,
159,0,159,[np.float64(-0.028935185185185185)],[np.float64(-0.22337962962962962)],[1],[0],[0],[1.8667727999854833],['Target'],159,0,159,0,370.7319332000334,,5,370.72609310015105,370.7319332000334,370.7319332000334,0.012090099975466728,372.59299570019357,[np.float64(-0.028935185185185185)],[np.float64(-0.22337962962962962)],[1],[0],[0],[1.8667727999854833],['Target'],076066,001,2025-09-30_19h20.47.043,Visual search,,2025.1.1,119.34897530969072,2025-09-30 19h20.48.164471 +0530,
160,0,160,[np.float64(-0.2916666666666667)],[np.float64(-0.27546296296296297)],[1],[0],[0],[1.9367799998726696],['Target'],160,0,160,0,372.61952419998124,,5,372.6118138001766,372.61952419998124,372.61952419998124,0.018612199928611517,374.5486900000833,[np.float64(-0.2916666666666667)],[np.float64(-0.27546296296296297)],[1],[0],[0],[1.9367799998726696],['Target'],076066,001,2025-09-30_19h20.47.043,Visual search,,2025.1.1,119.34897530969072,2025-09-30 19h20.48.164471 +0530,
161,0,161,[np.float64(-0.41435185185185186)],[np.float64(-0.2175925925925926)],[1],[0],[0],[0.9551422998774797],['Target'],161,0,161,0,374.57673369999975,,5,374.5671405000612,374.57673369999975,374.57673369999975,0.01828319998458028,375.52240170002915,[np.float64(-0.41435185185185186)],[np.float64(-0.2175925925925926)],[1],[0],[0],[0.9551422998774797],['Target'],076066,001,2025-09-30_19h20.47.043,Visual search,,2025.1.1,119.34897530969072,2025-09-30 19h20.48.164471 +0530,
162,0,162,[np.float64(0.27199074074074076)],[np.float64(0.4050925925925926)],[1],[0],[0],[1.711357400054112],['Target'],162,0,162,0,375.54921269998886,,5,375.5394592001103,375.54921269998886,375.54921269998886,0.01684579998254776,377.2508841000963,[np.float64(0.27199074074074076)],[np.float64(0.4050925925925926)],[1],[0],[0],[1.711357400054112],['Target'],076066,001,2025-09-30_19h20.47.043,Visual search,,2025.1.1,119.34897530969072,2025-09-30 19h20.48.164471 +0530,
163,0,163,[np.float64(0.3125)],[np.float64(0.41203703703703703)],[1],[0],[0],[1.3243704000487924],['Target'],163,0,163,0,377.2724793001544,,5,377.2655197000131,377.2724793001544,377.2724793001544,0.014496200019493699,378.58997269999236,[np.float64(0.3125)],[np.float64(0.41203703703703703)],[1],[0],[0],[1.3243704000487924],['Target'],076066,001,2025-09-30_19h20.47.043,Visual search,,2025.1.1,119.34897530969072,2025-09-30 19h20.48.164471 +0530,
164,0,164,[np.float64(-0.16435185185185186)],[np.float64(0.42592592592592593)],[1],[0],[0],[2.697968800086528],['Target'],164,0,164,0,378.63070610002615,,10,378.6203241001349,378.63070610002615,378.63070610002615,0.03020839998498559,381.31835230020806,[np.float64(-0.16435185185185186)],[np.float64(0.42592592592592593)],[1],[0],[0],[2.697968800086528],['Target'],076066,001,2025-09-30_19h20.47.043,Visual search,,2025.1.1,119.34897530969072,2025-09-30 19h20.48.164471 +0530,
165,0,165,[np.float64(0.13310185185185186)],[np.float64(-0.3136574074074074)],[1],[0],[0],[2.3739869000855833],['Target'],165,0,165,0,381.35409400006756,,10,381.3405472000595,381.35409400006756,381.35409400006756,0.02207630011253059,383.7146479000803,[np.float64(0.13310185185185186)],[np.float64(-0.3136574074074074)],[1],[0],[0],[2.3739869000855833],['Target'],076066,001,2025-09-30_19h20.47.043,Visual search,,2025.1.1,119.34897530969072,2025-09-30 19h20.48.164471 +0530,
166,0,166,[np.float64(-0.1527777777777778)],[np.float64(-0.36342592592592593)],[1],[0],[0],[1.2986871001776308],['Target'],166,0,166,0,383.7353207000997,,5,383.7301710001193,383.7353207000997,383.7353207000997,0.01528719998896122,385.0289654000662,[np.float64(-0.1527777777777778)],[np.float64(-0.36342592592592593)],[1],[0],[0],[1.2986871001776308],['Target'],076066,001,2025-09-30_19h20.47.043,Visual search,,2025.1.1,119.34897530969072,2025-09-30 19h20.48.164471 +0530,
167,0,167,[np.float64(0.2800925925925926)],[np.float64(0.2048611111111111)],[1],[0],[0],[1.3841950001660734],['Target'],167,0,167,0,385.04839070001617,,5,385.04155439999886,385.04839070001617,385.04839070001617,0.012398899998515844,386.4258700001519,[np.float64(0.2800925925925926)],[np.float64(0.2048611111111111)],[1],[0],[0],[1.3841950001660734],['Target'],076066,001,2025-09-30_19h20.47.043,Visual search,,2025.1.1,119.34897530969072,2025-09-30 19h20.48.164471 +0530,
168,0,168,[np.float64(0.35300925925925924)],[np.float64(0.45601851851851855)],[1],[0],[0],[1.1751478998921812],['Target'],168,0,168,0,386.44980390020646,,5,386.44182500010356,386.44980390020646,386.44980390020646,0.01576839992776513,387.6170640999917,[np.float64(0.35300925925925924)],[np.float64(0.45601851851851855)],[1],[0],[0],[1.1751478998921812],['Target'],076066,001,2025-09-30_19h20.47.043,Visual search,,2025.1.1,119.34897530969072,2025-09-30 19h20.48.164471 +0530,
169,0,169,[np.float64(-0.052083333333333336)],[np.float64(0.5)],[1],[0],[0],[1.1129092001356184],['Target'],169,0,169,0,387.6397867000196,,5,387.6342448000796,387.6397867000196,387.6397867000196,0.017022700048983097,388.7472738001961,[np.float64(-0.052083333333333336)],[np.float64(0.5)],[1],[0],[0],[1.1129092001356184],['Target'],076066,001,2025-09-30_19h20.47.043,Visual search,,2025.1.1,119.34897530969072,2025-09-30 19h20.48.164471 +0530,
170,0,170,[np.float64(0.3020833333333333)],[np.float64(0.3148148148148148)],[1],[0],[0],[1.146875699982047],['Target'],170,0,170,0,388.79446830018423,,10,388.78089880011976,388.79446830018423,388.79446830018423,0.03342209989205003,389.9278973999899,[np.float64(0.3020833333333333)],[np.float64(0.3148148148148148)],[1],[0],[0],[1.146875699982047],['Target'],076066,001,2025-09-30_19h20.47.043,Visual search,,2025.1.1,119.34897530969072,2025-09-30 19h20.48.164471 +0530,
171,0,171,[np.float64(-0.1597222222222222)],[np.float64(-0.2337962962962963)],[1],[0],[0],[1.7397495999466628],['Target'],171,0,171,0,389.9500682000071,,5,389.94432460004464,389.9500682000071,389.9500682000071,0.016110599972307682,391.6842253000941,[np.float64(-0.1597222222222222)],[np.float64(-0.2337962962962963)],[1],[0],[0],[1.7397495999466628],['Target'],076066,001,2025-09-30_19h20.47.043,Visual search,,2025.1.1,119.34897530969072,2025-09-30 19h20.48.164471 +0530,
172,0,172,[np.float64(0.04398148148148148)],[np.float64(0.29976851851851855)],[1],[0],[0],[2.6853915001265705],['Target'],172,0,172,0,391.79263550019823,,10,391.78485240018927,391.79263550019823,391.79263550019823,0.1003865001257509,394.4703548999969,[np.float64(0.04398148148148148)],[np.float64(0.29976851851851855)],[1],[0],[0],[2.6853915001265705],['Target'],076066,001,2025-09-30_19h20.47.043,Visual search,,2025.1.1,119.34897530969072,2025-09-30 19h20.48.164471 +0530,
173,0,173,[np.float64(0.1701388888888889)],[np.float64(-0.3090277777777778)],[1],[0],[0],[1.5610811000224203],['Target'],173,0,173,0,394.4993575999979,,5,394.4897115000058,394.4993575999979,394.4993575999979,0.01914980006404221,396.0509016001597,[np.float64(0.1701388888888889)],[np.float64(-0.3090277777777778)],[1],[0],[0],[1.5610811000224203],['Target'],076066,001,2025-09-30_19h20.47.043,Visual search,,2025.1.1,119.34897530969072,2025-09-30 19h20.48.164471 +0530,
174,0,174,[np.float64(0.24305555555555555)],[np.float64(-0.2974537037037037)],[1],[0],[0],[1.2437378999311477],['Target'],174,0,174,0,396.07823770004325,,5,396.0712361000478,396.07823770004325,396.07823770004325,0.02012020000256598,397.3150814999826,[np.float64(0.24305555555555555)],[np.float64(-0.2974537037037037)],[1],[0],[0],[1.2437378999311477],['Target'],076066,001,2025-09-30_19h20.47.043,Visual search,,2025.1.1,119.34897530969072,2025-09-30 19h20.48.164471 +0530,
175,0,175,[np.float64(0.47685185185185186)],[np.float64(0.26851851851851855)],[1],[0],[0],[1.699407400097698],['Target'],175,0,175,0,397.33512960001826,,5,397.33025570004247,397.33512960001826,397.33512960001826,0.014974799938499928,399.02977670007385,[np.float64(0.47685185185185186)],[np.float64(0.26851851851851855)],[1],[0],[0],[1.699407400097698],['Target'],076066,001,2025-09-30_19h20.47.043,Visual search,,2025.1.1,119.34897530969072,2025-09-30 19h20.48.164471 +0530,
176,0,176,[np.float64(-0.41435185185185186)],[np.float64(0.41435185185185186)],[1],[0],[0],[1.5297741000540555],['Target'],176,0,176,0,399.0745530000422,,10,399.06218900019303,399.0745530000422,399.0745530000422,0.032241699984297156,400.59203510009684,[np.float64(-0.41435185185185186)],[np.float64(0.41435185185185186)],[1],[0],[0],[1.5297741000540555],['Target'],076066,001,2025-09-30_19h20.47.043,Visual search,,2025.1.1,119.34897530969072,2025-09-30 19h20.48.164471 +0530,
177,0,177,[np.float64(0.4375)],[np.float64(-0.3090277777777778)],[1],[0],[0],[1.4903760000597686],['Target'],177,0,177,0,400.6174594000913,,5,400.6095681001898,400.6174594000913,400.6174594000913,0.017371600028127432,402.1000620999839,[np.float64(0.4375)],[np.float64(-0.3090277777777778)],[1],[0],[0],[1.4903760000597686],['Target'],076066,001,2025-09-30_19h20.47.043,Visual search,,2025.1.1,119.34897530969072,2025-09-30 19h20.48.164471 +0530,
178,0,178,[np.float64(-0.21875)],[np.float64(-0.028935185185185185)],[1],[0],[0],[1.2393453000113368],['Target'],178,0,178,0,402.1265226001851,,5,402.1176709001884,402.1265226001851,402.1265226001851,0.01741579989902675,403.35712160007097,[np.float64(-0.21875)],[np.float64(-0.028935185185185185)],[1],[0],[0],[1.2393453000113368],['Target'],076066,001,2025-09-30_19h20.47.043,Visual search,,2025.1.1,119.34897530969072,2025-09-30 19h20.48.164471 +0530,
179,0,179,[np.float64(0.09143518518518519)],[np.float64(-0.30787037037037035)],[1],[0],[0],[1.260077100014314],['Target'],179,0,179,0,403.4056470000651,,10,403.391833800124,403.4056470000651,403.4056470000651,0.034545799950137734,404.65199750009924,[np.float64(0.09143518518518519)],[np.float64(-0.30787037037037035)],[1],[0],[0],[1.260077100014314],['Target'],076066,001,2025-09-30_19h20.47.043,Visual search,,2025.1.1,119.34897530969072,2025-09-30 19h20.48.164471 +0530,
180,0,180,[np.float64(-0.41550925925925924)],[np.float64(-0.011574074074074073)],[1],[0],[0],[1.1090111997909844],['Target'],180,0,180,0,404.67314389999956,,5,404.66725280019455,404.67314389999956,404.67314389999956,0.015040199970826507,405.77637320011854,[np.float64(-0.41550925925925924)],[np.float64(-0.011574074074074073)],[1],[0],[0],[1.1090111997909844],['Target'],076066,001,2025-09-30_19h20.47.043,Visual search,,2025.1.1,119.34897530969072,2025-09-30 19h20.48.164471 +0530,
181,0,181,[np.float64(0.26157407407407407)],[np.float64(-0.12152777777777778)],[1],[0],[0],[1.3725018000695854],['Target'],181,0,181,0,405.80828160000965,,10,405.8005192000419,405.80828160000965,405.80828160000965,0.023947000037878752,407.17311320011504,[np.float64(0.26157407407407407)],[np.float64(-0.12152777777777778)],[1],[0],[0],[1.3725018000695854],['Target'],076066,001,2025-09-30_19h20.47.043,Visual search,,2025.1.1,119.34897530969072,2025-09-30 19h20.48.164471 +0530,
182,0,182,[np.float64(-0.2037037037037037)],[np.float64(-0.037037037037037035)],[1],[0],[0],[2.2722785999067128],[None],182,0,182,0,407.21236510016024,,10,407.2052364000119,407.21236510016024,407.21236510016024,0.03193729999475181,409.4776086001657,[np.float64(-0.2037037037037037)],[np.float64(-0.037037037037037035)],[1],[0],[0],[2.2722785999067128],[None],076066,001,2025-09-30_19h20.47.043,Visual search,,2025.1.1,119.34897530969072,2025-09-30 19h20.48.164471 +0530,
183,0,183,[np.float64(0.018518518518518517)],[np.float64(0.3784722222222222)],[1],[0],[0],[1.3365770999807864],['Target'],183,0,183,0,409.49388670013286,,5,409.4887569001876,409.49388670013286,409.49388670013286,0.010960099985823035,410.8254755001981,[np.float64(0.018518518518518517)],[np.float64(0.3784722222222222)],[1],[0],[0],[1.3365770999807864],['Target'],076066,001,2025-09-30_19h20.47.043,Visual search,,2025.1.1,119.34897530969072,2025-09-30 19h20.48.164471 +0530,
184,0,184,[np.float64(-0.22916666666666666)],[np.float64(-0.018518518518518517)],[1],[0],[0],[1.2327437000349164],['Target'],184,0,184,0,410.8463475999888,,5,410.8407467000652,410.8463475999888,410.8463475999888,0.015037700068205595,412.07359430007637,[np.float64(-0.22916666666666666)],[np.float64(-0.018518518518518517)],[1],[0],[0],[1.2327437000349164],['Target'],076066,001,2025-09-30_19h20.47.043,Visual search,,2025.1.1,119.34897530969072,2025-09-30 19h20.48.164471 +0530,
185,0,185,[np.float64(-0.46064814814814814)],[np.float64(-0.3229166666666667)],[1],[0],[0],[1.5269884001463652],['Target'],185,0,185,0,412.10025710007176,,5,412.09371600020677,412.10025710007176,412.10025710007176,0.019945899955928326,413.62081240001135,[np.float64(-0.46064814814814814)],[np.float64(-0.3229166666666667)],[1],[0],[0],[1.5269884001463652],['Target'],076066,001,2025-09-30_19h20.47.043,Visual search,,2025.1.1,119.34897530969072,2025-09-30 19h20.48.164471 +0530,
186,0,186,[np.float64(-0.14583333333333334)],[np.float64(-0.42939814814814814)],[1],[0],[0],[2.6409549000672996],['Target'],186,0,186,0,413.6391475000419,,5,413.633404500084,413.6391475000419,413.6391475000419,0.012397499987855554,416.2744812001474,[np.float64(-0.14583333333333334)],[np.float64(-0.42939814814814814)],[1],[0],[0],[2.6409549000672996],['Target'],076066,001,2025-09-30_19h20.47.043,Visual search,,2025.1.1,119.34897530969072,2025-09-30 19h20.48.164471 +0530,
187,0,187,[np.float64(-0.09027777777777778)],[np.float64(0.05787037037037037)],[1],[0],[0],[1.5435055000707507],['Target'],187,0,187,0,416.3252602000721,,10,416.3109330001753,416.3252602000721,416.3252602000721,0.036262899870052934,417.85452900012024,[np.float64(-0.09027777777777778)],[np.float64(0.05787037037037037)],[1],[0],[0],[1.5435055000707507],['Target'],076066,001,2025-09-30_19h20.47.043,Visual search,,2025.1.1,119.34897530969072,2025-09-30 19h20.48.164471 +0530,
188,0,188,[np.float64(-0.3784722222222222)],[np.float64(0.20717592592592593)],[1],[0],[0],[1.9949387998785824],[None],188,0,188,0,417.89070200012065,,10,417.88066190015525,417.89070200012065,417.89070200012065,0.025906699942424893,419.8757239000406,[np.float64(-0.3784722222222222)],[np.float64(0.20717592592592593)],[1],[0],[0],[1.9949387998785824],[None],076066,001,2025-09-30_19h20.47.043,Visual search,,2025.1.1,119.34897530969072,2025-09-30 19h20.48.164471 +0530,
189,0,189,[np.float64(-0.3576388888888889)],[np.float64(-0.11921296296296297)],[1],[0],[0],[2.336584199918434],['Target'],189,0,189,0,419.89842520002276,,5,419.89292790018953,419.89842520002276,419.89842520002276,0.016952799865975976,422.2296246001497,[np.float64(-0.3576388888888889)],[np.float64(-0.11921296296296297)],[1],[0],[0],[2.336584199918434],['Target'],076066,001,2025-09-30_19h20.47.043,Visual search,,2025.1.1,119.34897530969072,2025-09-30 19h20.48.164471 +0530,
190,0,190,[np.float64(0.2025462962962963)],[np.float64(-0.4375)],[1],[0],[0],[1.6558602000586689],[None],190,0,190,0,422.254864100134,,5,422.2472700001672,422.254864100134,422.254864100134,0.017448300030082464,423.9032313001808,[np.float64(0.2025462962962963)],[np.float64(-0.4375)],[1],[0],[0],[1.6558602000586689],[None],076066,001,2025-09-30_19h20.47.043,Visual search,,2025.1.1,119.34897530969072,2025-09-30 19h20.48.164471 +0530,
191,0,191,[np.float64(-0.3055555555555556)],[np.float64(0.22106481481481483)],[1],[0],[0],[1.9093605000525713],['Target'],191,0,191,0,423.9456999001559,,10,423.929898600094,423.9456999001559,423.9456999001559,0.026496700011193752,425.8393690001685,[np.float64(-0.3055555555555556)],[np.float64(0.22106481481481483)],[1],[0],[0],[1.9093605000525713],['Target'],076066,001,2025-09-30_19h20.47.043,Visual search,,2025.1.1,119.34897530969072,2025-09-30 19h20.48.164471 +0530,
192,0,192,[np.float64(0.2986111111111111)],[np.float64(0.03587962962962963)],[1],[0],[0],[1.8303243000991642],['Target'],192,0,192,0,425.873055000091,,10,425.86469319998287,425.873055000091,425.873055000091,0.025082799838855863,427.6951379000675,[np.float64(0.2986111111111111)],[np.float64(0.03587962962962963)],[1],[0],[0],[1.8303243000991642],['Target'],076066,001,2025-09-30_19h20.47.043,Visual search,,2025.1.1,119.34897530969072,2025-09-30 19h20.48.164471 +0530,
193,0,193,[np.float64(-0.49421296296296297)],[np.float64(0.3159722222222222)],[1],[0],[0],[1.495862799929455],['Target'],193,0,193,0,427.7240268001333,,5,427.7140821001958,427.7240268001333,427.7240268001333,0.01870659994892776,429.2100229000207,[np.float64(-0.49421296296296297)],[np.float64(0.3159722222222222)],[1],[0],[0],[1.495862799929455],['Target'],076066,001,2025-09-30_19h20.47.043,Visual search,,2025.1.1,119.34897530969072,2025-09-30 19h20.48.164471 +0530,
194,0,194,[np.float64(0.22337962962962962)],[np.float64(-0.03009259259259259)],[1],[0],[0],[1.4644130000378937],['Target'],194,0,194,0,429.2440437001642,,10,429.234350200044,429.2440437001642,429.2440437001642,0.024168499978259206,430.6988825001754,[np.float64(0.22337962962962962)],[np.float64(-0.03009259259259259)],[1],[0],[0],[1.4644130000378937],['Target'],076066,001,2025-09-30_19h20.47.043,Visual search,,2025.1.1,119.34897530969072,2025-09-30 19h20.48.164471 +0530,
195,0,195,[np.float64(-0.3587962962962963)],[np.float64(0.19212962962962962)],[1],[0],[0],[1.1982971001416445],['Target'],195,0,195,0,430.7197909001261,,5,430.7137113001663,430.7197909001261,430.7197909001261,0.014606300042942166,431.91211340017617,[np.float64(-0.3587962962962963)],[np.float64(0.19212962962962962)],[1],[0],[0],[1.1982971001416445],['Target'],076066,001,2025-09-30_19h20.47.043,Visual search,,2025.1.1,119.34897530969072,2025-09-30 19h20.48.164471 +0530,
196,0,196,[np.float64(0.019675925925925927)],[np.float64(-0.10532407407407407)],[1],[0],[0],[1.447155399946496],['Target'],196,0,196,0,431.937671800144,,5,431.9302034000866,431.937671800144,431.937671800144,0.017981600016355515,433.37745650019497,[np.float64(0.019675925925925927)],[np.float64(-0.10532407407407407)],[1],[0],[0],[1.447155399946496],['Target'],076066,001,2025-09-30_19h20.47.043,Visual search,,2025.1.1,119.34897530969072,2025-09-30 19h20.48.164471 +0530,
197,0,197,[np.float64(-0.23032407407407407)],[np.float64(-0.36574074074074076)],[1],[0],[0],[1.2268457999452949],['Target'],197,0,197,0,433.4079156999942,,5,433.3974515001755,433.4079156999942,433.4079156999942,0.019830599892884493,434.624409600161,[np.float64(-0.23032407407407407)],[np.float64(-0.36574074074074076)],[1],[0],[0],[1.2268457999452949],['Target'],076066,001,2025-09-30_19h20.47.043,Visual search,,2025.1.1,119.34897530969072,2025-09-30 19h20.48.164471 +0530,
198,0,198,[np.float64(-0.2638888888888889)],[np.float64(-0.04861111111111111)],[1],[0],[0],[1.6524121998809278],['Target'],198,0,198,0,434.64985220017843,,5,434.6429707000498,434.64985220017843,434.64985220017843,0.018341900082305074,436.29545269999653,[np.float64(-0.2638888888888889)],[np.float64(-0.04861111111111111)],[1],[0],[0],[1.6524121998809278],['Target'],076066,001,2025-09-30_19h20.47.043,Visual search,,2025.1.1,119.34897530969072,2025-09-30 19h20.48.164471 +0530,
199,0,199,[np.float64(0.4699074074074074)],[np.float64(0.19212962962962962)],[1],[0],[0],[1.3645230999682099],['Target'],199,0,199,0,436.31179639999755,,5,436.3053170000203,436.31179639999755,436.31179639999755,0.009732200065627694,437.6699481999967,[np.float64(0.4699074074074074)],[np.float64(0.19212962962962962)],[1],[0],[0],[1.3645230999682099],['Target'],076066,001,2025-09-30_19h20.47.043,Visual search,,2025.1.1,119.34897530969072,2025-09-30 19h20.48.164471 +0530,
